date,game,score,periodscore,spectators,schedule_id,game_id,league,season,home,away,score_home,score_away,p1score,p2score,p3score,p4score,p5score,p1score_home,p1score_away,p2score_home,p2score_away,p3score_home,p3score_away,p4score_home,p4score_away,p5score_home,p5score_away,result,result_p1,result_p2,result_p3,result_p4,result_p5
2020-09-19,Leksands IF  - Skellefteå AIK,4 - 5,"1-2, 0-2, 3-0, 0-1",50.0,11450,,shl,2020/21,Leksands IF,Skellefteå AIK,4.0,5.0,1-2, 0-2, 3-0, 0-1,,1.0,2.0,0.0,2.0,3.0,0.0,0.0,1.0,,,draw,away,away,home,away,
2020-09-19,Frölunda HC  - HV 71,3 - 0,"2-0, 1-0, 0-0",50.0,11450,,shl,2020/21,Frölunda HC,HV 71,3.0,0.0,2-0, 1-0, 0-0,,,2.0,0.0,1.0,0.0,0.0,0.0,,,,,home,home,home,draw,,
2020-09-19,Luleå HF  - Färjestad BK,4 - 2,"2-0, 1-0, 1-2",50.0,11450,,shl,2020/21,Luleå HF,Färjestad BK,4.0,2.0,2-0, 1-0, 1-2,,,2.0,0.0,1.0,0.0,1.0,2.0,,,,,home,home,home,away,,
2020-09-19,Rögle BK  - Linköping HC,6 - 4,"1-1, 3-1, 2-2",50.0,11450,,shl,2020/21,Rögle BK,Linköping HC,6.0,4.0,1-1, 3-1, 2-2,,,1.0,1.0,3.0,1.0,2.0,2.0,,,,,home,draw,home,draw,,
2020-09-22,IF Malmö Redhawks  - Leksands IF,3 - 5,"1-3, 1-1, 1-1",50.0,11450,,shl,2020/21,IF Malmö Redhawks,Leksands IF,3.0,5.0,1-3, 1-1, 1-1,,,1.0,3.0,1.0,1.0,1.0,1.0,,,,,away,away,draw,draw,,
2020-09-24,Örebro HK  - HV 71,5 - 4,"2-1, 1-3, 2-0",50.0,11450,,shl,2020/21,Örebro HK,HV 71,5.0,4.0,2-1, 1-3, 2-0,,,2.0,1.0,1.0,3.0,2.0,0.0,,,,,home,home,away,home,,
2020-09-24,Brynäs IF  - IK Oskarshamn,2 - 5,"1-2, 0-3, 1-0",50.0,11450,,shl,2020/21,Brynäs IF,IK Oskarshamn,2.0,5.0,1-2, 0-3, 1-0,,,1.0,2.0,0.0,3.0,1.0,0.0,,,,,away,away,away,home,,
2020-09-24,Växjö Lakers HC  - Färjestad BK,2 - 3,"0-1, 1-1, 1-0, 0-0, 0-1",50.0,11450,,shl,2020/21,Växjö Lakers HC,Färjestad BK,2.0,3.0,0-1, 1-1, 1-0, 0-0, 0-1,0.0,1.0,1.0,1.0,1.0,0.0,0.0,0.0,0.0,1.0,draw,away,draw,home,draw,away
2020-09-26,Linköping HC  - Växjö Lakers HC,1 - 2,"1-1, 0-0, 0-0, 0-0, 0-1",50.0,11450,,shl,2020/21,Linköping HC,Växjö Lakers HC,1.0,2.0,1-1, 0-0, 0-0, 0-0, 0-1,1.0,1.0,0.0,0.0,0.0,0.0,0.0,0.0,0.0,1.0,draw,draw,draw,draw,draw,away
2020-09-26,IK Oskarshamn  - Luleå HF,2 - 5,"1-1, 1-2, 0-2",50.0,11450,,shl,2020/21,IK Oskarshamn,Luleå HF,2.0,5.0,1-1, 1-2, 0-2,,,1.0,1.0,1.0,2.0,0.0,2.0,,,,,away,draw,away,away,,
2020-09-26,Skellefteå AIK  - Örebro HK,1 - 4,"0-1, 0-2, 1-1",50.0,11450,,shl,2020/21,Skellefteå AIK,Örebro HK,1.0,4.0,0-1, 0-2, 1-1,,,0.0,1.0,0.0,2.0,1.0,1.0,,,,,away,away,away,draw,,
2020-09-26,Färjestad BK  - Brynäs IF,3 - 5,"2-2, 1-1, 0-2",50.0,11450,,shl,2020/21,Färjestad BK,Brynäs IF,3.0,5.0,2-2, 1-1, 0-2,,,2.0,2.0,1.0,1.0,0.0,2.0,,,,,away,draw,draw,away,,
2020-09-26,HV 71  - Rögle BK,2 - 3,"0-1, 1-1, 1-1",50.0,11450,,shl,2020/21,HV 71,Rögle BK,2.0,3.0,0-1, 1-1, 1-1,,,0.0,1.0,1.0,1.0,1.0,1.0,,,,,away,away,draw,draw,,
2020-09-27,Djurgårdens IF  - Frölunda HC,0 - 2,"0-0, 0-1, 0-1",0.0,11450,,shl,2020/21,Djurgårdens IF,Frölunda HC,0.0,2.0,0-0, 0-1, 0-1,,,0.0,0.0,0.0,1.0,0.0,1.0,,,,,away,draw,away,away,,
2020-10-01,Leksands IF  - Örebro HK,3 - 5,"2-1, 0-2, 1-2",50.0,11450,,shl,2020/21,Leksands IF,Örebro HK,3.0,5.0,2-1, 0-2, 1-2,,,2.0,1.0,0.0,2.0,1.0,2.0,,,,,away,home,away,away,,
2020-10-01,Luleå HF  - HV 71,5 - 4,"2-1, 3-1, 0-2",50.0,11450,,shl,2020/21,Luleå HF,HV 71,5.0,4.0,2-1, 3-1, 0-2,,,2.0,1.0,3.0,1.0,0.0,2.0,,,,,home,home,home,away,,
2020-10-01,Skellefteå AIK  - Frölunda HC,3 - 1,"2-1, 1-0, 0-0",50.0,11450,,shl,2020/21,Skellefteå AIK,Frölunda HC,3.0,1.0,2-1, 1-0, 0-0,,,2.0,1.0,1.0,0.0,0.0,0.0,,,,,home,home,home,draw,,
2020-10-01,Djurgårdens IF  - IF Malmö Redhawks,3 - 0,"0-0, 1-0, 2-0",0.0,11450,,shl,2020/21,Djurgårdens IF,IF Malmö Redhawks,3.0,0.0,0-0, 1-0, 2-0,,,0.0,0.0,1.0,0.0,2.0,0.0,,,,,home,draw,home,home,,
2020-10-01,Växjö Lakers HC  - Rögle BK,2 - 1,"0-1, 1-0, 1-0",50.0,11450,,shl,2020/21,Växjö Lakers HC,Rögle BK,2.0,1.0,0-1, 1-0, 1-0,,,0.0,1.0,1.0,0.0,1.0,0.0,,,,,home,away,home,home,,
2020-10-01,Linköping HC  - Brynäs IF,5 - 4,"2-1, 0-3, 2-0, 1-0",0.0,11450,,shl,2020/21,Linköping HC,Brynäs IF,5.0,4.0,2-1, 0-3, 2-0, 1-0,,2.0,1.0,0.0,3.0,2.0,0.0,1.0,0.0,,,draw,home,away,home,home,
2020-10-01,IK Oskarshamn  - Färjestad BK,4 - 2,"3-1, 1-0, 0-1",50.0,11450,,shl,2020/21,IK Oskarshamn,Färjestad BK,4.0,2.0,3-1, 1-0, 0-1,,,3.0,1.0,1.0,0.0,0.0,1.0,,,,,home,home,home,away,,
2020-10-03,Luleå HF  - Växjö Lakers HC,2 - 1,"0-0, 1-0, 1-1",50.0,11450,,shl,2020/21,Luleå HF,Växjö Lakers HC,2.0,1.0,0-0, 1-0, 1-1,,,0.0,0.0,1.0,0.0,1.0,1.0,,,,,home,draw,home,draw,,
2020-10-03,Brynäs IF  - Skellefteå AIK,3 - 2,"1-2, 1-0, 1-0",50.0,11450,,shl,2020/21,Brynäs IF,Skellefteå AIK,3.0,2.0,1-2, 1-0, 1-0,,,1.0,2.0,1.0,0.0,1.0,0.0,,,,,home,away,home,home,,
2020-10-03,Rögle BK  - Djurgårdens IF,5 - 3,"2-0, 2-1, 1-2",50.0,11450,,shl,2020/21,Rögle BK,Djurgårdens IF,5.0,3.0,2-0, 2-1, 1-2,,,2.0,0.0,2.0,1.0,1.0,2.0,,,,,home,home,home,away,,
2020-10-03,Färjestad BK  - IF Malmö Redhawks,2 - 4,"0-0, 0-3, 2-1",50.0,11450,,shl,2020/21,Färjestad BK,IF Malmö Redhawks,2.0,4.0,0-0, 0-3, 2-1,,,0.0,0.0,0.0,3.0,2.0,1.0,,,,,away,draw,away,home,,
2020-10-03,HV 71  - IK Oskarshamn,6 - 3,"0-2, 3-1, 3-0",0.0,11450,,shl,2020/21,HV 71,IK Oskarshamn,6.0,3.0,0-2, 3-1, 3-0,,,0.0,2.0,3.0,1.0,3.0,0.0,,,,,home,away,home,home,,
2020-10-03,Örebro HK  - Linköping HC,6 - 4,"1-0, 3-1, 2-3",200.0,11450,,shl,2020/21,Örebro HK,Linköping HC,6.0,4.0,1-0, 3-1, 2-3,,,1.0,0.0,3.0,1.0,2.0,3.0,,,,,home,home,home,away,,
2020-10-03,Frölunda HC  - Leksands IF,4 - 2,"1-1, 2-1, 1-0",0.0,11450,,shl,2020/21,Frölunda HC,Leksands IF,4.0,2.0,1-1, 2-1, 1-0,,,1.0,1.0,2.0,1.0,1.0,0.0,,,,,home,draw,home,home,,
2020-10-08,Skellefteå AIK  - HV 71,4 - 2,"1-0, 1-1, 2-1",50.0,11450,,shl,2020/21,Skellefteå AIK,HV 71,4.0,2.0,1-0, 1-1, 2-1,,,1.0,0.0,1.0,1.0,2.0,1.0,,,,,home,home,draw,home,,
2020-10-08,Leksands IF  - Växjö Lakers HC,0 - 2,"0-0, 0-2, 0-0",50.0,11450,,shl,2020/21,Leksands IF,Växjö Lakers HC,0.0,2.0,0-0, 0-2, 0-0,,,0.0,0.0,0.0,2.0,0.0,0.0,,,,,away,draw,away,draw,,
2020-10-08,Djurgårdens IF  - Luleå HF,3 - 2,"1-0, 1-2, 0-0, 1-0",50.0,11450,,shl,2020/21,Djurgårdens IF,Luleå HF,3.0,2.0,1-0, 1-2, 0-0, 1-0,,1.0,0.0,1.0,2.0,0.0,0.0,1.0,0.0,,,draw,home,away,draw,home,
2020-10-08,Färjestad BK  - Linköping HC,5 - 4,"3-2, 0-0, 2-2",50.0,11450,,shl,2020/21,Färjestad BK,Linköping HC,5.0,4.0,3-2, 0-0, 2-2,,,3.0,2.0,0.0,0.0,2.0,2.0,,,,,home,home,draw,draw,,
2020-10-08,IK Oskarshamn  - Rögle BK,2 - 3,"1-1, 1-1, 0-1",50.0,11450,,shl,2020/21,IK Oskarshamn,Rögle BK,2.0,3.0,1-1, 1-1, 0-1,,,1.0,1.0,1.0,1.0,0.0,1.0,,,,,away,draw,draw,away,,
2020-10-08,IF Malmö Redhawks  - Örebro HK,2 - 1,"1-1, 1-0, 0-0",0.0,11450,,shl,2020/21,IF Malmö Redhawks,Örebro HK,2.0,1.0,1-1, 1-0, 0-0,,,1.0,1.0,1.0,0.0,0.0,0.0,,,,,home,draw,home,draw,,
2020-10-08,Frölunda HC  - Brynäs IF,3 - 0,"0-0, 1-0, 2-0",0.0,11450,,shl,2020/21,Frölunda HC,Brynäs IF,3.0,0.0,0-0, 1-0, 2-0,,,0.0,0.0,1.0,0.0,2.0,0.0,,,,,home,draw,home,home,,
2020-10-10,Luleå HF  - Brynäs IF,,,,11450,,shl,2020/21,Luleå HF,Brynäs IF,,,,,,,,,,,,,,,,,,,,,,,
2020-10-10,Djurgårdens IF  - IK Oskarshamn,,,,11450,,shl,2020/21,Djurgårdens IF,IK Oskarshamn,,,,,,,,,,,,,,,,,,,,,,,
2020-10-10,Rögle BK  - Örebro HK,,,,11450,,shl,2020/21,Rögle BK,Örebro HK,,,,,,,,,,,,,,,,,,,,,,,
2020-10-10,Växjö Lakers HC  - Skellefteå AIK,,,,11450,,shl,2020/21,Växjö Lakers HC,Skellefteå AIK,,,,,,,,,,,,,,,,,,,,,,,
2020-10-10,Linköping HC  - Leksands IF,,,,11450,,shl,2020/21,Linköping HC,Leksands IF,,,,,,,,,,,,,,,,,,,,,,,
2020-10-10,HV 71  - Färjestad BK,,,,11450,,shl,2020/21,HV 71,Färjestad BK,,,,,,,,,,,,,,,,,,,,,,,
2020-10-12,Frölunda HC  - Skellefteå AIK,,,,11450,,shl,2020/21,Frölunda HC,Skellefteå AIK,,,,,,,,,,,,,,,,,,,,,,,
2020-10-15,Skellefteå AIK  - Färjestad BK,,,,11450,,shl,2020/21,Skellefteå AIK,Färjestad BK,,,,,,,,,,,,,,,,,,,,,,,
2020-10-15,Örebro HK  - Luleå HF,,,,11450,,shl,2020/21,Örebro HK,Luleå HF,,,,,,,,,,,,,,,,,,,,,,,
2020-10-15,Brynäs IF  - Rögle BK,,,,11450,,shl,2020/21,Brynäs IF,Rögle BK,,,,,,,,,,,,,,,,,,,,,,,
2020-10-15,Linköping HC  - Djurgårdens IF,,,,11450,,shl,2020/21,Linköping HC,Djurgårdens IF,,,,,,,,,,,,,,,,,,,,,,,
2020-10-15,HV 71  - IF Malmö Redhawks,,,,11450,,shl,2020/21,HV 71,IF Malmö Redhawks,,,,,,,,,,,,,,,,,,,,,,,
2020-10-15,IK Oskarshamn  - Leksands IF,,,,11450,,shl,2020/21,IK Oskarshamn,Leksands IF,,,,,,,,,,,,,,,,,,,,,,,
2020-10-15,Frölunda HC  - Växjö Lakers HC,,,,11450,,shl,2020/21,Frölunda HC,Växjö Lakers HC,,,,,,,,,,,,,,,,,,,,,,,
2020-10-17,Växjö Lakers HC  - Brynäs IF,,,,11450,,shl,2020/21,Växjö Lakers HC,Brynäs IF,,,,,,,,,,,,,,,,,,,,,,,
2020-10-17,IK Oskarshamn  - Örebro HK,,,,11450,,shl,2020/21,IK Oskarshamn,Örebro HK,,,,,,,,,,,,,,,,,,,,,,,
2020-10-17,IF Malmö Redhawks  - Luleå HF,,,,11450,,shl,2020/21,IF Malmö Redhawks,Luleå HF,,,,,,,,,,,,,,,,,,,,,,,
2020-10-17,Leksands IF  - Rögle BK,,,,11450,,shl,2020/21,Leksands IF,Rögle BK,,,,,,,,,,,,,,,,,,,,,,,
2020-10-17,Skellefteå AIK  - Linköping HC,,,,11450,,shl,2020/21,Skellefteå AIK,Linköping HC,,,,,,,,,,,,,,,,,,,,,,,
2020-10-17,Djurgårdens IF  - HV 71,,,,11450,,shl,2020/21,Djurgårdens IF,HV 71,,,,,,,,,,,,,,,,,,,,,,,
2020-10-17,Färjestad BK  - Frölunda HC,,,,11450,,shl,2020/21,Färjestad BK,Frölunda HC,,,,,,,,,,,,,,,,,,,,,,,
2020-10-20,Leksands IF  - Djurgårdens IF,,,,11450,,shl,2020/21,Leksands IF,Djurgårdens IF,,,,,,,,,,,,,,,,,,,,,,,
2020-10-20,IF Malmö Redhawks  - Frölunda HC,,,,11450,,shl,2020/21,IF Malmö Redhawks,Frölunda HC,,,,,,,,,,,,,,,,,,,,,,,
2020-10-22,Luleå HF  - Leksands IF,,,,11450,,shl,2020/21,Luleå HF,Leksands IF,,,,,,,,,,,,,,,,,,,,,,,
2020-10-22,Djurgårdens IF  - Skellefteå AIK,,,,11450,,shl,2020/21,Djurgårdens IF,Skellefteå AIK,,,,,,,,,,,,,,,,,,,,,,,
2020-10-22,Rögle BK  - Frölunda HC,,,,11450,,shl,2020/21,Rögle BK,Frölunda HC,,,,,,,,,,,,,,,,,,,,,,,
2020-10-22,Färjestad BK  - Örebro HK,,,,11450,,shl,2020/21,Färjestad BK,Örebro HK,,,,,,,,,,,,,,,,,,,,,,,
2020-10-22,Linköping HC  - IK Oskarshamn,,,,11450,,shl,2020/21,Linköping HC,IK Oskarshamn,,,,,,,,,,,,,,,,,,,,,,,
2020-10-22,HV 71  - Brynäs IF,,,,11450,,shl,2020/21,HV 71,Brynäs IF,,,,,,,,,,,,,,,,,,,,,,,
2020-10-22,Växjö Lakers HC  - IF Malmö Redhawks,,,,11450,,shl,2020/21,Växjö Lakers HC,IF Malmö Redhawks,,,,,,,,,,,,,,,,,,,,,,,
2020-10-24,Skellefteå AIK  - Rögle BK,,,,11450,,shl,2020/21,Skellefteå AIK,Rögle BK,,,,,,,,,,,,,,,,,,,,,,,
2020-10-24,Leksands IF  - Färjestad BK,,,,11450,,shl,2020/21,Leksands IF,Färjestad BK,,,,,,,,,,,,,,,,,,,,,,,
2020-10-24,Frölunda HC  - Luleå HF,,,,11450,,shl,2020/21,Frölunda HC,Luleå HF,,,,,,,,,,,,,,,,,,,,,,,
2020-10-24,Linköping HC  - HV 71,,,,11450,,shl,2020/21,Linköping HC,HV 71,,,,,,,,,,,,,,,,,,,,,,,
2020-10-24,IK Oskarshamn  - IF Malmö Redhawks,,,,11450,,shl,2020/21,IK Oskarshamn,IF Malmö Redhawks,,,,,,,,,,,,,,,,,,,,,,,
2020-10-24,Djurgårdens IF  - Brynäs IF,,,,11450,,shl,2020/21,Djurgårdens IF,Brynäs IF,,,,,,,,,,,,,,,,,,,,,,,
2020-10-24,Örebro HK  - Växjö Lakers HC,,,,11450,,shl,2020/21,Örebro HK,Växjö Lakers HC,,,,,,,,,,,,,,,,,,,,,,,
2020-10-27,Luleå HF  - Linköping HC,,,,11450,,shl,2020/21,Luleå HF,Linköping HC,,,,,,,,,,,,,,,,,,,,,,,
2020-10-27,Leksands IF  - HV 71,,,,11450,,shl,2020/21,Leksands IF,HV 71,,,,,,,,,,,,,,,,,,,,,,,
2020-10-27,Örebro HK  - Brynäs IF,,,,11450,,shl,2020/21,Örebro HK,Brynäs IF,,,,,,,,,,,,,,,,,,,,,,,
2020-10-27,Växjö Lakers HC  - Djurgårdens IF,,,,11450,,shl,2020/21,Växjö Lakers HC,Djurgårdens IF,,,,,,,,,,,,,,,,,,,,,,,
2020-10-27,Färjestad BK  - Rögle BK,,,,11450,,shl,2020/21,Färjestad BK,Rögle BK,,,,,,,,,,,,,,,,,,,,,,,
2020-10-27,IK Oskarshamn  - Frölunda HC,,,,11450,,shl,2020/21,IK Oskarshamn,Frölunda HC,,,,,,,,,,,,,,,,,,,,,,,
2020-10-27,IF Malmö Redhawks  - Skellefteå AIK,,,,11450,,shl,2020/21,IF Malmö Redhawks,Skellefteå AIK,,,,,,,,,,,,,,,,,,,,,,,
2020-10-29,Skellefteå AIK  - IK Oskarshamn,,,,11450,,shl,2020/21,Skellefteå AIK,IK Oskarshamn,,,,,,,,,,,,,,,,,,,,,,,
2020-10-29,Brynäs IF  - Leksands IF,,,,11450,,shl,2020/21,Brynäs IF,Leksands IF,,,,,,,,,,,,,,,,,,,,,,,
2020-10-29,Djurgårdens IF  - Färjestad BK,,,,11450,,shl,2020/21,Djurgårdens IF,Färjestad BK,,,,,,,,,,,,,,,,,,,,,,,
2020-10-29,Rögle BK  - Luleå HF,,,,11450,,shl,2020/21,Rögle BK,Luleå HF,,,,,,,,,,,,,,,,,,,,,,,
2020-10-29,Linköping HC  - IF Malmö Redhawks,,,,11450,,shl,2020/21,Linköping HC,IF Malmö Redhawks,,,,,,,,,,,,,,,,,,,,,,,
2020-10-29,HV 71  - Växjö Lakers HC,,,,11450,,shl,2020/21,HV 71,Växjö Lakers HC,,,,,,,,,,,,,,,,,,,,,,,
2020-10-29,Frölunda HC  - Örebro HK,,,,11450,,shl,2020/21,Frölunda HC,Örebro HK,,,,,,,,,,,,,,,,,,,,,,,
2020-10-31,IK Oskarshamn  - Linköping HC,,,,11450,,shl,2020/21,IK Oskarshamn,Linköping HC,,,,,,,,,,,,,,,,,,,,,,,
2020-10-31,IF Malmö Redhawks  - Färjestad BK,,,,11450,,shl,2020/21,IF Malmö Redhawks,Färjestad BK,,,,,,,,,,,,,,,,,,,,,,,
2020-10-31,Örebro HK  - Skellefteå AIK,,,,11450,,shl,2020/21,Örebro HK,Skellefteå AIK,,,,,,,,,,,,,,,,,,,,,,,
2020-10-31,Brynäs IF  - Djurgårdens IF,,,,11450,,shl,2020/21,Brynäs IF,Djurgårdens IF,,,,,,,,,,,,,,,,,,,,,,,
2020-10-31,Luleå HF  - Rögle BK,,,,11450,,shl,2020/21,Luleå HF,Rögle BK,,,,,,,,,,,,,,,,,,,,,,,
2020-10-31,Leksands IF  - Frölunda HC,,,,11450,,shl,2020/21,Leksands IF,Frölunda HC,,,,,,,,,,,,,,,,,,,,,,,
2020-10-31,Växjö Lakers HC  - HV 71,,,,11450,,shl,2020/21,Växjö Lakers HC,HV 71,,,,,,,,,,,,,,,,,,,,,,,
2020-11-10,Luleå HF  - Frölunda HC,,,,11450,,shl,2020/21,Luleå HF,Frölunda HC,,,,,,,,,,,,,,,,,,,,,,,
2020-11-10,Brynäs IF  - HV 71,,,,11450,,shl,2020/21,Brynäs IF,HV 71,,,,,,,,,,,,,,,,,,,,,,,
2020-11-10,Växjö Lakers HC  - Örebro HK,,,,11450,,shl,2020/21,Växjö Lakers HC,Örebro HK,,,,,,,,,,,,,,,,,,,,,,,
2020-11-10,Färjestad BK  - Leksands IF,,,,11450,,shl,2020/21,Färjestad BK,Leksands IF,,,,,,,,,,,,,,,,,,,,,,,
2020-11-10,Linköping HC  - Skellefteå AIK,,,,11450,,shl,2020/21,Linköping HC,Skellefteå AIK,,,,,,,,,,,,,,,,,,,,,,,
2020-11-10,IK Oskarshamn  - Djurgårdens IF,,,,11450,,shl,2020/21,IK Oskarshamn,Djurgårdens IF,,,,,,,,,,,,,,,,,,,,,,,
2020-11-10,IF Malmö Redhawks  - Rögle BK,,,,11450,,shl,2020/21,IF Malmö Redhawks,Rögle BK,,,,,,,,,,,,,,,,,,,,,,,
2020-11-12,Skellefteå AIK  - Växjö Lakers HC,,,,11450,,shl,2020/21,Skellefteå AIK,Växjö Lakers HC,,,,,,,,,,,,,,,,,,,,,,,
2020-11-12,Leksands IF  - IK Oskarshamn,,,,11450,,shl,2020/21,Leksands IF,IK Oskarshamn,,,,,,,,,,,,,,,,,,,,,,,
2020-11-12,Örebro HK  - IF Malmö Redhawks,,,,11450,,shl,2020/21,Örebro HK,IF Malmö Redhawks,,,,,,,,,,,,,,,,,,,,,,,
2020-11-12,Djurgårdens IF  - Linköping HC,,,,11450,,shl,2020/21,Djurgårdens IF,Linköping HC,,,,,,,,,,,,,,,,,,,,,,,
2020-11-12,Rögle BK  - Brynäs IF,,,,11450,,shl,2020/21,Rögle BK,Brynäs IF,,,,,,,,,,,,,,,,,,,,,,,
2020-11-12,HV 71  - Luleå HF,,,,11450,,shl,2020/21,HV 71,Luleå HF,,,,,,,,,,,,,,,,,,,,,,,
2020-11-12,Frölunda HC  - Färjestad BK,,,,11450,,shl,2020/21,Frölunda HC,Färjestad BK,,,,,,,,,,,,,,,,,,,,,,,
2020-11-14,Växjö Lakers HC  - Luleå HF,,,,11450,,shl,2020/21,Växjö Lakers HC,Luleå HF,,,,,,,,,,,,,,,,,,,,,,,
2020-11-14,HV 71  - Leksands IF,,,,11450,,shl,2020/21,HV 71,Leksands IF,,,,,,,,,,,,,,,,,,,,,,,
2020-11-14,IK Oskarshamn  - Skellefteå AIK,,,,11450,,shl,2020/21,IK Oskarshamn,Skellefteå AIK,,,,,,,,,,,,,,,,,,,,,,,
2020-11-14,IF Malmö Redhawks  - Brynäs IF,,,,11450,,shl,2020/21,IF Malmö Redhawks,Brynäs IF,,,,,,,,,,,,,,,,,,,,,,,
2020-11-14,Örebro HK  - Rögle BK,,,,11450,,shl,2020/21,Örebro HK,Rögle BK,,,,,,,,,,,,,,,,,,,,,,,
2020-11-14,Färjestad BK  - Djurgårdens IF,,,,11450,,shl,2020/21,Färjestad BK,Djurgårdens IF,,,,,,,,,,,,,,,,,,,,,,,
2020-11-14,Linköping HC  - Frölunda HC,,,,11450,,shl,2020/21,Linköping HC,Frölunda HC,,,,,,,,,,,,,,,,,,,,,,,
2020-11-19,Luleå HF  - Örebro HK,,,,11450,,shl,2020/21,Luleå HF,Örebro HK,,,,,,,,,,,,,,,,,,,,,,,
2020-11-19,Skellefteå AIK  - Djurgårdens IF,,,,11450,,shl,2020/21,Skellefteå AIK,Djurgårdens IF,,,,,,,,,,,,,,,,,,,,,,,
2020-11-19,Leksands IF  - Linköping HC,,,,11450,,shl,2020/21,Leksands IF,Linköping HC,,,,,,,,,,,,,,,,,,,,,,,
2020-11-19,Brynäs IF  - Växjö Lakers HC,,,,11450,,shl,2020/21,Brynäs IF,Växjö Lakers HC,,,,,,,,,,,,,,,,,,,,,,,
2020-11-19,Rögle BK  - Färjestad BK,,,,11450,,shl,2020/21,Rögle BK,Färjestad BK,,,,,,,,,,,,,,,,,,,,,,,
2020-11-19,IF Malmö Redhawks  - HV 71,,,,11450,,shl,2020/21,IF Malmö Redhawks,HV 71,,,,,,,,,,,,,,,,,,,,,,,
2020-11-19,Frölunda HC  - IK Oskarshamn,,,,11450,,shl,2020/21,Frölunda HC,IK Oskarshamn,,,,,,,,,,,,,,,,,,,,,,,
2020-11-21,Brynäs IF  - Frölunda HC,,,,11450,,shl,2020/21,Brynäs IF,Frölunda HC,,,,,,,,,,,,,,,,,,,,,,,
2020-11-21,Djurgårdens IF  - Växjö Lakers HC,,,,11450,,shl,2020/21,Djurgårdens IF,Växjö Lakers HC,,,,,,,,,,,,,,,,,,,,,,,
2020-11-21,Rögle BK  - Leksands IF,,,,11450,,shl,2020/21,Rögle BK,Leksands IF,,,,,,,,,,,,,,,,,,,,,,,
2020-11-21,Linköping HC  - Luleå HF,,,,11450,,shl,2020/21,Linköping HC,Luleå HF,,,,,,,,,,,,,,,,,,,,,,,
2020-11-21,Skellefteå AIK  - IF Malmö Redhawks,,,,11450,,shl,2020/21,Skellefteå AIK,IF Malmö Redhawks,,,,,,,,,,,,,,,,,,,,,,,
2020-11-21,Örebro HK  - IK Oskarshamn,,,,11450,,shl,2020/21,Örebro HK,IK Oskarshamn,,,,,,,,,,,,,,,,,,,,,,,
2020-11-21,Färjestad BK  - HV 71,,,,11450,,shl,2020/21,Färjestad BK,HV 71,,,,,,,,,,,,,,,,,,,,,,,
2020-11-22,Färjestad BK  - Luleå HF,,,,11450,,shl,2020/21,Färjestad BK,Luleå HF,,,,,,,,,,,,,,,,,,,,,,,
2020-11-26,Örebro HK  - Leksands IF,,,,11450,,shl,2020/21,Örebro HK,Leksands IF,,,,,,,,,,,,,,,,,,,,,,,
2020-11-26,Djurgårdens IF  - Rögle BK,,,,11450,,shl,2020/21,Djurgårdens IF,Rögle BK,,,,,,,,,,,,,,,,,,,,,,,
2020-11-26,Växjö Lakers HC  - IF Malmö Redhawks,,,,11450,,shl,2020/21,Växjö Lakers HC,IF Malmö Redhawks,,,,,,,,,,,,,,,,,,,,,,,
2020-11-26,HV 71  - Linköping HC,,,,11450,,shl,2020/21,HV 71,Linköping HC,,,,,,,,,,,,,,,,,,,,,,,
2020-11-26,IK Oskarshamn  - Brynäs IF,,,,11450,,shl,2020/21,IK Oskarshamn,Brynäs IF,,,,,,,,,,,,,,,,,,,,,,,
2020-11-28,Leksands IF  - IF Malmö Redhawks,,,,11450,,shl,2020/21,Leksands IF,IF Malmö Redhawks,,,,,,,,,,,,,,,,,,,,,,,
2020-11-28,HV 71  - Skellefteå AIK,,,,11450,,shl,2020/21,HV 71,Skellefteå AIK,,,,,,,,,,,,,,,,,,,,,,,
2020-11-28,Frölunda HC  - Djurgårdens IF,,,,11450,,shl,2020/21,Frölunda HC,Djurgårdens IF,,,,,,,,,,,,,,,,,,,,,,,
2020-11-28,Luleå HF  - IK Oskarshamn,,,,11450,,shl,2020/21,Luleå HF,IK Oskarshamn,,,,,,,,,,,,,,,,,,,,,,,
2020-11-28,Brynäs IF  - Färjestad BK,,,,11450,,shl,2020/21,Brynäs IF,Färjestad BK,,,,,,,,,,,,,,,,,,,,,,,
2020-11-28,Rögle BK  - Växjö Lakers HC,,,,11450,,shl,2020/21,Rögle BK,Växjö Lakers HC,,,,,,,,,,,,,,,,,,,,,,,
2020-11-28,Linköping HC  - Örebro HK,,,,11450,,shl,2020/21,Linköping HC,Örebro HK,,,,,,,,,,,,,,,,,,,,,,,
2020-12-01,Skellefteå AIK  - Luleå HF,,,,11450,,shl,2020/21,Skellefteå AIK,Luleå HF,,,,,,,,,,,,,,,,,,,,,,,
2020-12-01,Brynäs IF  - Örebro HK,,,,11450,,shl,2020/21,Brynäs IF,Örebro HK,,,,,,,,,,,,,,,,,,,,,,,
2020-12-01,Djurgårdens IF  - Leksands IF,,,,11450,,shl,2020/21,Djurgårdens IF,Leksands IF,,,,,,,,,,,,,,,,,,,,,,,
2020-12-01,Rögle BK  - HV 71,,,,11450,,shl,2020/21,Rögle BK,HV 71,,,,,,,,,,,,,,,,,,,,,,,
2020-12-01,Växjö Lakers HC  - Frölunda HC,,,,11450,,shl,2020/21,Växjö Lakers HC,Frölunda HC,,,,,,,,,,,,,,,,,,,,,,,
2020-12-01,Färjestad BK  - IK Oskarshamn,,,,11450,,shl,2020/21,Färjestad BK,IK Oskarshamn,,,,,,,,,,,,,,,,,,,,,,,
2020-12-01,IF Malmö Redhawks  - Linköping HC,,,,11450,,shl,2020/21,IF Malmö Redhawks,Linköping HC,,,,,,,,,,,,,,,,,,,,,,,
2020-12-03,Luleå HF  - IF Malmö Redhawks,,,,11450,,shl,2020/21,Luleå HF,IF Malmö Redhawks,,,,,,,,,,,,,,,,,,,,,,,
2020-12-03,Leksands IF  - Brynäs IF,,,,11450,,shl,2020/21,Leksands IF,Brynäs IF,,,,,,,,,,,,,,,,,,,,,,,
2020-12-03,Örebro HK  - Frölunda HC,,,,11450,,shl,2020/21,Örebro HK,Frölunda HC,,,,,,,,,,,,,,,,,,,,,,,
2020-12-03,Färjestad BK  - Skellefteå AIK,,,,11450,,shl,2020/21,Färjestad BK,Skellefteå AIK,,,,,,,,,,,,,,,,,,,,,,,
2020-12-03,Linköping HC  - Rögle BK,,,,11450,,shl,2020/21,Linköping HC,Rögle BK,,,,,,,,,,,,,,,,,,,,,,,
2020-12-03,HV 71  - Djurgårdens IF,,,,11450,,shl,2020/21,HV 71,Djurgårdens IF,,,,,,,,,,,,,,,,,,,,,,,
2020-12-03,IK Oskarshamn  - Växjö Lakers HC,,,,11450,,shl,2020/21,IK Oskarshamn,Växjö Lakers HC,,,,,,,,,,,,,,,,,,,,,,,
2020-12-05,Skellefteå AIK  - Brynäs IF,,,,11450,,shl,2020/21,Skellefteå AIK,Brynäs IF,,,,,,,,,,,,,,,,,,,,,,,
2020-12-05,Frölunda HC  - Rögle BK,,,,11450,,shl,2020/21,Frölunda HC,Rögle BK,,,,,,,,,,,,,,,,,,,,,,,
2020-12-05,Leksands IF  - Luleå HF,,,,11450,,shl,2020/21,Leksands IF,Luleå HF,,,,,,,,,,,,,,,,,,,,,,,
2020-12-05,Örebro HK  - Färjestad BK,,,,11450,,shl,2020/21,Örebro HK,Färjestad BK,,,,,,,,,,,,,,,,,,,,,,,
2020-12-05,Växjö Lakers HC  - Linköping HC,,,,11450,,shl,2020/21,Växjö Lakers HC,Linköping HC,,,,,,,,,,,,,,,,,,,,,,,
2020-12-05,IK Oskarshamn  - HV 71,,,,11450,,shl,2020/21,IK Oskarshamn,HV 71,,,,,,,,,,,,,,,,,,,,,,,
2020-12-05,IF Malmö Redhawks  - Djurgårdens IF,,,,11450,,shl,2020/21,IF Malmö Redhawks,Djurgårdens IF,,,,,,,,,,,,,,,,,,,,,,,
2020-12-08,Växjö Lakers HC  - IK Oskarshamn,,,,11450,,shl,2020/21,Växjö Lakers HC,IK Oskarshamn,,,,,,,,,,,,,,,,,,,,,,,
2020-12-10,Brynäs IF  - Luleå HF,,,,11450,,shl,2020/21,Brynäs IF,Luleå HF,,,,,,,,,,,,,,,,,,,,,,,
2020-12-10,Djurgårdens IF  - Örebro HK,,,,11450,,shl,2020/21,Djurgårdens IF,Örebro HK,,,,,,,,,,,,,,,,,,,,,,,
2020-12-10,Rögle BK  - Skellefteå AIK,,,,11450,,shl,2020/21,Rögle BK,Skellefteå AIK,,,,,,,,,,,,,,,,,,,,,,,
2020-12-10,Växjö Lakers HC  - Leksands IF,,,,11450,,shl,2020/21,Växjö Lakers HC,Leksands IF,,,,,,,,,,,,,,,,,,,,,,,
2020-12-10,Linköping HC  - Färjestad BK,,,,11450,,shl,2020/21,Linköping HC,Färjestad BK,,,,,,,,,,,,,,,,,,,,,,,
2020-12-10,HV 71  - Frölunda HC,,,,11450,,shl,2020/21,HV 71,Frölunda HC,,,,,,,,,,,,,,,,,,,,,,,
2020-12-10,IF Malmö Redhawks  - IK Oskarshamn,,,,11450,,shl,2020/21,IF Malmö Redhawks,IK Oskarshamn,,,,,,,,,,,,,,,,,,,,,,,
2020-12-12,Brynäs IF  - Linköping HC,,,,11450,,shl,2020/21,Brynäs IF,Linköping HC,,,,,,,,,,,,,,,,,,,,,,,
2020-12-12,Färjestad BK  - Växjö Lakers HC,,,,11450,,shl,2020/21,Färjestad BK,Växjö Lakers HC,,,,,,,,,,,,,,,,,,,,,,,
2020-12-12,HV 71  - Örebro HK,,,,11450,,shl,2020/21,HV 71,Örebro HK,,,,,,,,,,,,,,,,,,,,,,,
2020-12-12,Frölunda HC  - IF Malmö Redhawks,,,,11450,,shl,2020/21,Frölunda HC,IF Malmö Redhawks,,,,,,,,,,,,,,,,,,,,,,,
2020-12-12,Luleå HF  - Djurgårdens IF,,,,11450,,shl,2020/21,Luleå HF,Djurgårdens IF,,,,,,,,,,,,,,,,,,,,,,,
2020-12-12,Skellefteå AIK  - Leksands IF,,,,11450,,shl,2020/21,Skellefteå AIK,Leksands IF,,,,,,,,,,,,,,,,,,,,,,,
2020-12-12,Rögle BK  - IK Oskarshamn,,,,11450,,shl,2020/21,Rögle BK,IK Oskarshamn,,,,,,,,,,,,,,,,,,,,,,,
2020-12-26,Djurgårdens IF  - HV 71,,,,11450,,shl,2020/21,Djurgårdens IF,HV 71,,,,,,,,,,,,,,,,,,,,,,,
2020-12-26,Färjestad BK  - Brynäs IF,,,,11450,,shl,2020/21,Färjestad BK,Brynäs IF,,,,,,,,,,,,,,,,,,,,,,,
2020-12-26,IF Malmö Redhawks  - Skellefteå AIK,,,,11450,,shl,2020/21,IF Malmö Redhawks,Skellefteå AIK,,,,,,,,,,,,,,,,,,,,,,,
2020-12-26,Frölunda HC  - Linköping HC,,,,11450,,shl,2020/21,Frölunda HC,Linköping HC,,,,,,,,,,,,,,,,,,,,,,,
2020-12-26,Leksands IF  - Rögle BK,,,,11450,,shl,2020/21,Leksands IF,Rögle BK,,,,,,,,,,,,,,,,,,,,,,,
2020-12-26,Örebro HK  - Växjö Lakers HC,,,,11450,,shl,2020/21,Örebro HK,Växjö Lakers HC,,,,,,,,,,,,,,,,,,,,,,,
2020-12-26,IK Oskarshamn  - Luleå HF,,,,11450,,shl,2020/21,IK Oskarshamn,Luleå HF,,,,,,,,,,,,,,,,,,,,,,,
2020-12-28,Luleå HF  - Leksands IF,,,,11450,,shl,2020/21,Luleå HF,Leksands IF,,,,,,,,,,,,,,,,,,,,,,,
2020-12-28,Skellefteå AIK  - Örebro HK,,,,11450,,shl,2020/21,Skellefteå AIK,Örebro HK,,,,,,,,,,,,,,,,,,,,,,,
2020-12-28,Brynäs IF  - IF Malmö Redhawks,,,,11450,,shl,2020/21,Brynäs IF,IF Malmö Redhawks,,,,,,,,,,,,,,,,,,,,,,,
2020-12-28,Rögle BK  - Frölunda HC,,,,11450,,shl,2020/21,Rögle BK,Frölunda HC,,,,,,,,,,,,,,,,,,,,,,,
2020-12-28,Växjö Lakers HC  - Färjestad BK,,,,11450,,shl,2020/21,Växjö Lakers HC,Färjestad BK,,,,,,,,,,,,,,,,,,,,,,,
2020-12-28,Linköping HC  - Djurgårdens IF,,,,11450,,shl,2020/21,Linköping HC,Djurgårdens IF,,,,,,,,,,,,,,,,,,,,,,,
2020-12-28,HV 71  - IK Oskarshamn,,,,11450,,shl,2020/21,HV 71,IK Oskarshamn,,,,,,,,,,,,,,,,,,,,,,,
2020-12-30,Leksands IF  - Skellefteå AIK,,,,11450,,shl,2020/21,Leksands IF,Skellefteå AIK,,,,,,,,,,,,,,,,,,,,,,,
2020-12-30,Örebro HK  - Brynäs IF,,,,11450,,shl,2020/21,Örebro HK,Brynäs IF,,,,,,,,,,,,,,,,,,,,,,,
2020-12-30,Djurgårdens IF  - Luleå HF,,,,11450,,shl,2020/21,Djurgårdens IF,Luleå HF,,,,,,,,,,,,,,,,,,,,,,,
2020-12-30,Färjestad BK  - Linköping HC,,,,11450,,shl,2020/21,Färjestad BK,Linköping HC,,,,,,,,,,,,,,,,,,,,,,,
2020-12-30,IK Oskarshamn  - Rögle BK,,,,11450,,shl,2020/21,IK Oskarshamn,Rögle BK,,,,,,,,,,,,,,,,,,,,,,,
2020-12-30,IF Malmö Redhawks  - Växjö Lakers HC,,,,11450,,shl,2020/21,IF Malmö Redhawks,Växjö Lakers HC,,,,,,,,,,,,,,,,,,,,,,,
2020-12-30,Frölunda HC  - HV 71,,,,11450,,shl,2020/21,Frölunda HC,HV 71,,,,,,,,,,,,,,,,,,,,,,,
2021-01-01,Rögle BK  - IF Malmö Redhawks,,,,11450,,shl,2020/21,Rögle BK,IF Malmö Redhawks,,,,,,,,,,,,,,,,,,,,,,,
2021-01-02,Luleå HF  - Linköping HC,,,,11450,,shl,2020/21,Luleå HF,Linköping HC,,,,,,,,,,,,,,,,,,,,,,,
2021-01-02,Brynäs IF  - Leksands IF,,,,11450,,shl,2020/21,Brynäs IF,Leksands IF,,,,,,,,,,,,,,,,,,,,,,,
2021-01-02,Rögle BK  - Örebro HK,,,,11450,,shl,2020/21,Rögle BK,Örebro HK,,,,,,,,,,,,,,,,,,,,,,,
2021-01-02,Växjö Lakers HC  - Djurgårdens IF,,,,11450,,shl,2020/21,Växjö Lakers HC,Djurgårdens IF,,,,,,,,,,,,,,,,,,,,,,,
2021-01-02,HV 71  - IF Malmö Redhawks,,,,11450,,shl,2020/21,HV 71,IF Malmö Redhawks,,,,,,,,,,,,,,,,,,,,,,,
2021-01-02,Skellefteå AIK  - Färjestad BK,,,,11450,,shl,2020/21,Skellefteå AIK,Färjestad BK,,,,,,,,,,,,,,,,,,,,,,,
2021-01-02,IK Oskarshamn  - Frölunda HC,,,,11450,,shl,2020/21,IK Oskarshamn,Frölunda HC,,,,,,,,,,,,,,,,,,,,,,,
2021-01-07,Leksands IF  - HV 71,,,,11450,,shl,2020/21,Leksands IF,HV 71,,,,,,,,,,,,,,,,,,,,,,,
2021-01-07,Djurgårdens IF  - IK Oskarshamn,,,,11450,,shl,2020/21,Djurgårdens IF,IK Oskarshamn,,,,,,,,,,,,,,,,,,,,,,,
2021-01-07,Växjö Lakers HC  - Skellefteå AIK,,,,11450,,shl,2020/21,Växjö Lakers HC,Skellefteå AIK,,,,,,,,,,,,,,,,,,,,,,,
2021-01-07,Färjestad BK  - Rögle BK,,,,11450,,shl,2020/21,Färjestad BK,Rögle BK,,,,,,,,,,,,,,,,,,,,,,,
2021-01-07,Linköping HC  - Brynäs IF,,,,11450,,shl,2020/21,Linköping HC,Brynäs IF,,,,,,,,,,,,,,,,,,,,,,,
2021-01-07,IF Malmö Redhawks  - Örebro HK,,,,11450,,shl,2020/21,IF Malmö Redhawks,Örebro HK,,,,,,,,,,,,,,,,,,,,,,,
2021-01-07,Frölunda HC  - Luleå HF,,,,11450,,shl,2020/21,Frölunda HC,Luleå HF,,,,,,,,,,,,,,,,,,,,,,,
2021-01-09,Luleå HF  - IK Oskarshamn,,,,11450,,shl,2020/21,Luleå HF,IK Oskarshamn,,,,,,,,,,,,,,,,,,,,,,,
2021-01-09,Brynäs IF  - Djurgårdens IF,,,,11450,,shl,2020/21,Brynäs IF,Djurgårdens IF,,,,,,,,,,,,,,,,,,,,,,,
2021-01-09,IF Malmö Redhawks  - Leksands IF,,,,11450,,shl,2020/21,IF Malmö Redhawks,Leksands IF,,,,,,,,,,,,,,,,,,,,,,,
2021-01-09,Frölunda HC  - Färjestad BK,,,,11450,,shl,2020/21,Frölunda HC,Färjestad BK,,,,,,,,,,,,,,,,,,,,,,,
2021-01-09,Skellefteå AIK  - Växjö Lakers HC,,,,11450,,shl,2020/21,Skellefteå AIK,Växjö Lakers HC,,,,,,,,,,,,,,,,,,,,,,,
2021-01-09,Örebro HK  - HV 71,,,,11450,,shl,2020/21,Örebro HK,HV 71,,,,,,,,,,,,,,,,,,,,,,,
2021-01-09,Rögle BK  - Linköping HC,,,,11450,,shl,2020/21,Rögle BK,Linköping HC,,,,,,,,,,,,,,,,,,,,,,,
2021-01-12,Örebro HK  - Djurgårdens IF,,,,11450,,shl,2020/21,Örebro HK,Djurgårdens IF,,,,,,,,,,,,,,,,,,,,,,,
2021-01-12,Brynäs IF  - IF Malmö Redhawks,,,,11450,,shl,2020/21,Brynäs IF,IF Malmö Redhawks,,,,,,,,,,,,,,,,,,,,,,,
2021-01-14,Luleå HF  - Brynäs IF,,,,11450,,shl,2020/21,Luleå HF,Brynäs IF,,,,,,,,,,,,,,,,,,,,,,,
2021-01-14,Skellefteå AIK  - Frölunda HC,,,,11450,,shl,2020/21,Skellefteå AIK,Frölunda HC,,,,,,,,,,,,,,,,,,,,,,,
2021-01-14,Djurgårdens IF  - IF Malmö Redhawks,,,,11450,,shl,2020/21,Djurgårdens IF,IF Malmö Redhawks,,,,,,,,,,,,,,,,,,,,,,,
2021-01-14,Växjö Lakers HC  - Rögle BK,,,,11450,,shl,2020/21,Växjö Lakers HC,Rögle BK,,,,,,,,,,,,,,,,,,,,,,,
2021-01-14,Linköping HC  - Leksands IF,,,,11450,,shl,2020/21,Linköping HC,Leksands IF,,,,,,,,,,,,,,,,,,,,,,,
2021-01-14,HV 71  - Färjestad BK,,,,11450,,shl,2020/21,HV 71,Färjestad BK,,,,,,,,,,,,,,,,,,,,,,,
2021-01-14,IK Oskarshamn  - Örebro HK,,,,11450,,shl,2020/21,IK Oskarshamn,Örebro HK,,,,,,,,,,,,,,,,,,,,,,,
2021-01-16,Örebro HK  - Djurgårdens IF,,,,11450,,shl,2020/21,Örebro HK,Djurgårdens IF,,,,,,,,,,,,,,,,,,,,,,,
2021-01-16,HV 71  - Rögle BK,,,,11450,,shl,2020/21,HV 71,Rögle BK,,,,,,,,,,,,,,,,,,,,,,,
2021-01-16,IF Malmö Redhawks  - Luleå HF,,,,11450,,shl,2020/21,IF Malmö Redhawks,Luleå HF,,,,,,,,,,,,,,,,,,,,,,,
2021-01-16,Linköping HC  - IK Oskarshamn,,,,11450,,shl,2020/21,Linköping HC,IK Oskarshamn,,,,,,,,,,,,,,,,,,,,,,,
2021-01-16,Leksands IF  - Växjö Lakers HC,,,,11450,,shl,2020/21,Leksands IF,Växjö Lakers HC,,,,,,,,,,,,,,,,,,,,,,,
2021-01-16,Brynäs IF  - Skellefteå AIK,,,,11450,,shl,2020/21,Brynäs IF,Skellefteå AIK,,,,,,,,,,,,,,,,,,,,,,,
2021-01-16,Färjestad BK  - Frölunda HC,,,,11450,,shl,2020/21,Färjestad BK,Frölunda HC,,,,,,,,,,,,,,,,,,,,,,,
2021-01-19,Luleå HF  - Skellefteå AIK,,,,11450,,shl,2020/21,Luleå HF,Skellefteå AIK,,,,,,,,,,,,,,,,,,,,,,,
2021-01-19,Frölunda HC  - Linköping HC,,,,11450,,shl,2020/21,Frölunda HC,Linköping HC,,,,,,,,,,,,,,,,,,,,,,,
2021-01-19,Rögle BK  - Djurgårdens IF,,,,11450,,shl,2020/21,Rögle BK,Djurgårdens IF,,,,,,,,,,,,,,,,,,,,,,,
2021-01-21,Luleå HF  - Växjö Lakers HC,,,,11450,,shl,2020/21,Luleå HF,Växjö Lakers HC,,,,,,,,,,,,,,,,,,,,,,,
2021-01-21,Skellefteå AIK  - HV 71,,,,11450,,shl,2020/21,Skellefteå AIK,HV 71,,,,,,,,,,,,,,,,,,,,,,,
2021-01-21,Örebro HK  - Linköping HC,,,,11450,,shl,2020/21,Örebro HK,Linköping HC,,,,,,,,,,,,,,,,,,,,,,,
2021-01-21,Brynäs IF  - IK Oskarshamn,,,,11450,,shl,2020/21,Brynäs IF,IK Oskarshamn,,,,,,,,,,,,,,,,,,,,,,,
2021-01-21,Färjestad BK  - IF Malmö Redhawks,,,,11450,,shl,2020/21,Färjestad BK,IF Malmö Redhawks,,,,,,,,,,,,,,,,,,,,,,,
2021-01-21,Frölunda HC  - Leksands IF,,,,11450,,shl,2020/21,Frölunda HC,Leksands IF,,,,,,,,,,,,,,,,,,,,,,,
2021-01-23,Leksands IF  - Färjestad BK,,,,11450,,shl,2020/21,Leksands IF,Färjestad BK,,,,,,,,,,,,,,,,,,,,,,,
2021-01-23,Rögle BK  - Luleå HF,,,,11450,,shl,2020/21,Rögle BK,Luleå HF,,,,,,,,,,,,,,,,,,,,,,,
2021-01-23,IK Oskarshamn  - IF Malmö Redhawks,,,,11450,,shl,2020/21,IK Oskarshamn,IF Malmö Redhawks,,,,,,,,,,,,,,,,,,,,,,,
2021-01-23,Frölunda HC  - Örebro HK,,,,11450,,shl,2020/21,Frölunda HC,Örebro HK,,,,,,,,,,,,,,,,,,,,,,,
2021-01-23,Djurgårdens IF  - Skellefteå AIK,,,,11450,,shl,2020/21,Djurgårdens IF,Skellefteå AIK,,,,,,,,,,,,,,,,,,,,,,,
2021-01-23,Växjö Lakers HC  - Brynäs IF,,,,11450,,shl,2020/21,Växjö Lakers HC,Brynäs IF,,,,,,,,,,,,,,,,,,,,,,,
2021-01-23,Linköping HC  - HV 71,,,,11450,,shl,2020/21,Linköping HC,HV 71,,,,,,,,,,,,,,,,,,,,,,,
2021-01-26,Växjö Lakers HC  - Örebro HK,,,,11450,,shl,2020/21,Växjö Lakers HC,Örebro HK,,,,,,,,,,,,,,,,,,,,,,,
2021-01-28,IF Malmö Redhawks  - Frölunda HC,,,,11450,,shl,2020/21,IF Malmö Redhawks,Frölunda HC,,,,,,,,,,,,,,,,,,,,,,,
2021-01-28,Skellefteå AIK  - Linköping HC,,,,11450,,shl,2020/21,Skellefteå AIK,Linköping HC,,,,,,,,,,,,,,,,,,,,,,,
2021-01-28,Örebro HK  - Luleå HF,,,,11450,,shl,2020/21,Örebro HK,Luleå HF,,,,,,,,,,,,,,,,,,,,,,,
2021-01-28,Brynäs IF  - Rögle BK,,,,11450,,shl,2020/21,Brynäs IF,Rögle BK,,,,,,,,,,,,,,,,,,,,,,,
2021-01-28,Djurgårdens IF  - Färjestad BK,,,,11450,,shl,2020/21,Djurgårdens IF,Färjestad BK,,,,,,,,,,,,,,,,,,,,,,,
2021-01-28,HV 71  - Växjö Lakers HC,,,,11450,,shl,2020/21,HV 71,Växjö Lakers HC,,,,,,,,,,,,,,,,,,,,,,,
2021-01-28,IK Oskarshamn  - Leksands IF,,,,11450,,shl,2020/21,IK Oskarshamn,Leksands IF,,,,,,,,,,,,,,,,,,,,,,,
2021-01-30,Skellefteå AIK  - Rögle BK,,,,11450,,shl,2020/21,Skellefteå AIK,Rögle BK,,,,,,,,,,,,,,,,,,,,,,,
2021-01-30,Leksands IF  - Djurgårdens IF,,,,11450,,shl,2020/21,Leksands IF,Djurgårdens IF,,,,,,,,,,,,,,,,,,,,,,,
2021-01-30,Frölunda HC  - Brynäs IF,,,,11450,,shl,2020/21,Frölunda HC,Brynäs IF,,,,,,,,,,,,,,,,,,,,,,,
2021-01-30,Linköping HC  - IF Malmö Redhawks,,,,11450,,shl,2020/21,Linköping HC,IF Malmö Redhawks,,,,,,,,,,,,,,,,,,,,,,,
2021-01-30,Luleå HF  - HV 71,,,,11450,,shl,2020/21,Luleå HF,HV 71,,,,,,,,,,,,,,,,,,,,,,,
2021-01-30,Växjö Lakers HC  - IK Oskarshamn,,,,11450,,shl,2020/21,Växjö Lakers HC,IK Oskarshamn,,,,,,,,,,,,,,,,,,,,,,,
2021-01-30,Färjestad BK  - Örebro HK,,,,11450,,shl,2020/21,Färjestad BK,Örebro HK,,,,,,,,,,,,,,,,,,,,,,,
2021-02-02,Luleå HF  - Skellefteå AIK,,,,11450,,shl,2020/21,Luleå HF,Skellefteå AIK,,,,,,,,,,,,,,,,,,,,,,,
2021-02-02,Leksands IF  - Örebro HK,,,,11450,,shl,2020/21,Leksands IF,Örebro HK,,,,,,,,,,,,,,,,,,,,,,,
2021-02-02,Djurgårdens IF  - Frölunda HC,,,,11450,,shl,2020/21,Djurgårdens IF,Frölunda HC,,,,,,,,,,,,,,,,,,,,,,,
2021-02-02,Rögle BK  - IF Malmö Redhawks,,,,11450,,shl,2020/21,Rögle BK,IF Malmö Redhawks,,,,,,,,,,,,,,,,,,,,,,,
2021-02-02,Linköping HC  - Växjö Lakers HC,,,,11450,,shl,2020/21,Linköping HC,Växjö Lakers HC,,,,,,,,,,,,,,,,,,,,,,,
2021-02-02,HV 71  - Brynäs IF,,,,11450,,shl,2020/21,HV 71,Brynäs IF,,,,,,,,,,,,,,,,,,,,,,,
2021-02-02,IK Oskarshamn  - Färjestad BK,,,,11450,,shl,2020/21,IK Oskarshamn,Färjestad BK,,,,,,,,,,,,,,,,,,,,,,,
2021-02-04,Skellefteå AIK  - Djurgårdens IF,,,,11450,,shl,2020/21,Skellefteå AIK,Djurgårdens IF,,,,,,,,,,,,,,,,,,,,,,,
2021-02-04,Örebro HK  - Frölunda HC,,,,11450,,shl,2020/21,Örebro HK,Frölunda HC,,,,,,,,,,,,,,,,,,,,,,,
2021-02-04,Brynäs IF  - Luleå HF,,,,11450,,shl,2020/21,Brynäs IF,Luleå HF,,,,,,,,,,,,,,,,,,,,,,,
2021-02-04,Rögle BK  - HV 71,,,,11450,,shl,2020/21,Rögle BK,HV 71,,,,,,,,,,,,,,,,,,,,,,,
2021-02-04,Växjö Lakers HC  - Leksands IF,,,,11450,,shl,2020/21,Växjö Lakers HC,Leksands IF,,,,,,,,,,,,,,,,,,,,,,,
2021-02-04,Färjestad BK  - IK Oskarshamn,,,,11450,,shl,2020/21,Färjestad BK,IK Oskarshamn,,,,,,,,,,,,,,,,,,,,,,,
2021-02-04,IF Malmö Redhawks  - Linköping HC,,,,11450,,shl,2020/21,IF Malmö Redhawks,Linköping HC,,,,,,,,,,,,,,,,,,,,,,,
2021-02-06,Luleå HF  - Rögle BK,,,,11450,,shl,2020/21,Luleå HF,Rögle BK,,,,,,,,,,,,,,,,,,,,,,,
2021-02-06,Djurgårdens IF  - Växjö Lakers HC,,,,11450,,shl,2020/21,Djurgårdens IF,Växjö Lakers HC,,,,,,,,,,,,,,,,,,,,,,,
2021-02-06,Linköping HC  - Färjestad BK,,,,11450,,shl,2020/21,Linköping HC,Färjestad BK,,,,,,,,,,,,,,,,,,,,,,,
2021-02-06,IF Malmö Redhawks  - Brynäs IF,,,,11450,,shl,2020/21,IF Malmö Redhawks,Brynäs IF,,,,,,,,,,,,,,,,,,,,,,,
2021-02-06,Leksands IF  - Frölunda HC,,,,11450,,shl,2020/21,Leksands IF,Frölunda HC,,,,,,,,,,,,,,,,,,,,,,,
2021-02-06,HV 71  - Örebro HK,,,,11450,,shl,2020/21,HV 71,Örebro HK,,,,,,,,,,,,,,,,,,,,,,,
2021-02-06,IK Oskarshamn  - Skellefteå AIK,,,,11450,,shl,2020/21,IK Oskarshamn,Skellefteå AIK,,,,,,,,,,,,,,,,,,,,,,,
2021-02-16,Luleå HF  - Färjestad BK,,,,11450,,shl,2020/21,Luleå HF,Färjestad BK,,,,,,,,,,,,,,,,,,,,,,,
2021-02-16,Leksands IF  - Linköping HC,,,,11450,,shl,2020/21,Leksands IF,Linköping HC,,,,,,,,,,,,,,,,,,,,,,,
2021-02-16,Örebro HK  - Skellefteå AIK,,,,11450,,shl,2020/21,Örebro HK,Skellefteå AIK,,,,,,,,,,,,,,,,,,,,,,,
2021-02-16,Rögle BK  - Brynäs IF,,,,11450,,shl,2020/21,Rögle BK,Brynäs IF,,,,,,,,,,,,,,,,,,,,,,,
2021-02-16,HV 71  - Djurgårdens IF,,,,11450,,shl,2020/21,HV 71,Djurgårdens IF,,,,,,,,,,,,,,,,,,,,,,,
2021-02-16,IK Oskarshamn  - Växjö Lakers HC,,,,11450,,shl,2020/21,IK Oskarshamn,Växjö Lakers HC,,,,,,,,,,,,,,,,,,,,,,,
2021-02-16,Frölunda HC  - IF Malmö Redhawks,,,,11450,,shl,2020/21,Frölunda HC,IF Malmö Redhawks,,,,,,,,,,,,,,,,,,,,,,,
2021-02-18,Skellefteå AIK  - Leksands IF,,,,11450,,shl,2020/21,Skellefteå AIK,Leksands IF,,,,,,,,,,,,,,,,,,,,,,,
2021-02-18,Brynäs IF  - HV 71,,,,11450,,shl,2020/21,Brynäs IF,HV 71,,,,,,,,,,,,,,,,,,,,,,,
2021-02-18,Djurgårdens IF  - Rögle BK,,,,11450,,shl,2020/21,Djurgårdens IF,Rögle BK,,,,,,,,,,,,,,,,,,,,,,,
2021-02-18,Färjestad BK  - Luleå HF,,,,11450,,shl,2020/21,Färjestad BK,Luleå HF,,,,,,,,,,,,,,,,,,,,,,,
2021-02-18,Linköping HC  - Frölunda HC,,,,11450,,shl,2020/21,Linköping HC,Frölunda HC,,,,,,,,,,,,,,,,,,,,,,,
2021-02-18,IF Malmö Redhawks  - IK Oskarshamn,,,,11450,,shl,2020/21,IF Malmö Redhawks,IK Oskarshamn,,,,,,,,,,,,,,,,,,,,,,,
2021-02-20,IF Malmö Redhawks  - Växjö Lakers HC,,,,11450,,shl,2020/21,IF Malmö Redhawks,Växjö Lakers HC,,,,,,,,,,,,,,,,,,,,,,,
2021-02-20,Frölunda HC  - Rögle BK,,,,11450,,shl,2020/21,Frölunda HC,Rögle BK,,,,,,,,,,,,,,,,,,,,,,,
2021-02-20,Örebro HK  - Leksands IF,,,,11450,,shl,2020/21,Örebro HK,Leksands IF,,,,,,,,,,,,,,,,,,,,,,,
2021-02-20,Luleå HF  - Djurgårdens IF,,,,11450,,shl,2020/21,Luleå HF,Djurgårdens IF,,,,,,,,,,,,,,,,,,,,,,,
2021-02-20,Skellefteå AIK  - Brynäs IF,,,,11450,,shl,2020/21,Skellefteå AIK,Brynäs IF,,,,,,,,,,,,,,,,,,,,,,,
2021-02-20,Färjestad BK  - HV 71,,,,11450,,shl,2020/21,Färjestad BK,HV 71,,,,,,,,,,,,,,,,,,,,,,,
2021-02-20,IK Oskarshamn  - Linköping HC,,,,11450,,shl,2020/21,IK Oskarshamn,Linköping HC,,,,,,,,,,,,,,,,,,,,,,,
2021-02-23,Leksands IF  - IF Malmö Redhawks,,,,11450,,shl,2020/21,Leksands IF,IF Malmö Redhawks,,,,,,,,,,,,,,,,,,,,,,,
2021-02-23,Brynäs IF  - Växjö Lakers HC,,,,11450,,shl,2020/21,Brynäs IF,Växjö Lakers HC,,,,,,,,,,,,,,,,,,,,,,,
2021-02-23,Djurgårdens IF  - Örebro HK,,,,11450,,shl,2020/21,Djurgårdens IF,Örebro HK,,,,,,,,,,,,,,,,,,,,,,,
2021-02-23,Rögle BK  - Färjestad BK,,,,11450,,shl,2020/21,Rögle BK,Färjestad BK,,,,,,,,,,,,,,,,,,,,,,,
2021-02-23,Linköping HC  - Skellefteå AIK,,,,11450,,shl,2020/21,Linköping HC,Skellefteå AIK,,,,,,,,,,,,,,,,,,,,,,,
2021-02-23,HV 71  - Luleå HF,,,,11450,,shl,2020/21,HV 71,Luleå HF,,,,,,,,,,,,,,,,,,,,,,,
2021-02-23,Frölunda HC  - IK Oskarshamn,,,,11450,,shl,2020/21,Frölunda HC,IK Oskarshamn,,,,,,,,,,,,,,,,,,,,,,,
2021-02-25,Luleå HF  - Frölunda HC,,,,11450,,shl,2020/21,Luleå HF,Frölunda HC,,,,,,,,,,,,,,,,,,,,,,,
2021-02-25,Örebro HK  - Rögle BK,,,,11450,,shl,2020/21,Örebro HK,Rögle BK,,,,,,,,,,,,,,,,,,,,,,,
2021-02-25,Växjö Lakers HC  - Linköping HC,,,,11450,,shl,2020/21,Växjö Lakers HC,Linköping HC,,,,,,,,,,,,,,,,,,,,,,,
2021-02-25,Färjestad BK  - Leksands IF,,,,11450,,shl,2020/21,Färjestad BK,Leksands IF,,,,,,,,,,,,,,,,,,,,,,,
2021-02-25,HV 71  - Skellefteå AIK,,,,11450,,shl,2020/21,HV 71,Skellefteå AIK,,,,,,,,,,,,,,,,,,,,,,,
2021-02-25,IK Oskarshamn  - Brynäs IF,,,,11450,,shl,2020/21,IK Oskarshamn,Brynäs IF,,,,,,,,,,,,,,,,,,,,,,,
2021-02-25,IF Malmö Redhawks  - Djurgårdens IF,,,,11450,,shl,2020/21,IF Malmö Redhawks,Djurgårdens IF,,,,,,,,,,,,,,,,,,,,,,,
2021-02-27,Leksands IF  - IK Oskarshamn,,,,11450,,shl,2020/21,Leksands IF,IK Oskarshamn,,,,,,,,,,,,,,,,,,,,,,,
2021-02-27,IF Malmö Redhawks  - HV 71,,,,11450,,shl,2020/21,IF Malmö Redhawks,HV 71,,,,,,,,,,,,,,,,,,,,,,,
2021-02-27,Frölunda HC  - Djurgårdens IF,,,,11450,,shl,2020/21,Frölunda HC,Djurgårdens IF,,,,,,,,,,,,,,,,,,,,,,,
2021-02-27,Linköping HC  - Örebro HK,,,,11450,,shl,2020/21,Linköping HC,Örebro HK,,,,,,,,,,,,,,,,,,,,,,,
2021-02-27,Brynäs IF  - Färjestad BK,,,,11450,,shl,2020/21,Brynäs IF,Färjestad BK,,,,,,,,,,,,,,,,,,,,,,,
2021-02-27,Rögle BK  - Skellefteå AIK,,,,11450,,shl,2020/21,Rögle BK,Skellefteå AIK,,,,,,,,,,,,,,,,,,,,,,,
2021-02-27,Växjö Lakers HC  - Luleå HF,,,,11450,,shl,2020/21,Växjö Lakers HC,Luleå HF,,,,,,,,,,,,,,,,,,,,,,,
2021-03-02,Skellefteå AIK  - Luleå HF,,,,11450,,shl,2020/21,Skellefteå AIK,Luleå HF,,,,,,,,,,,,,,,,,,,,,,,
2021-03-02,Örebro HK  - IF Malmö Redhawks,,,,11450,,shl,2020/21,Örebro HK,IF Malmö Redhawks,,,,,,,,,,,,,,,,,,,,,,,
2021-03-02,Brynäs IF  - Linköping HC,,,,11450,,shl,2020/21,Brynäs IF,Linköping HC,,,,,,,,,,,,,,,,,,,,,,,
2021-03-02,Djurgårdens IF  - Leksands IF,,,,11450,,shl,2020/21,Djurgårdens IF,Leksands IF,,,,,,,,,,,,,,,,,,,,,,,
2021-03-02,Rögle BK  - IK Oskarshamn,,,,11450,,shl,2020/21,Rögle BK,IK Oskarshamn,,,,,,,,,,,,,,,,,,,,,,,
2021-03-02,Färjestad BK  - Växjö Lakers HC,,,,11450,,shl,2020/21,Färjestad BK,Växjö Lakers HC,,,,,,,,,,,,,,,,,,,,,,,
2021-03-02,HV 71  - Frölunda HC,,,,11450,,shl,2020/21,HV 71,Frölunda HC,,,,,,,,,,,,,,,,,,,,,,,
2021-03-04,Luleå HF  - Örebro HK,,,,11450,,shl,2020/21,Luleå HF,Örebro HK,,,,,,,,,,,,,,,,,,,,,,,
2021-03-04,Leksands IF  - Brynäs IF,,,,11450,,shl,2020/21,Leksands IF,Brynäs IF,,,,,,,,,,,,,,,,,,,,,,,
2021-03-04,Växjö Lakers HC  - HV 71,,,,11450,,shl,2020/21,Växjö Lakers HC,HV 71,,,,,,,,,,,,,,,,,,,,,,,
2021-03-04,Linköping HC  - Rögle BK,,,,11450,,shl,2020/21,Linköping HC,Rögle BK,,,,,,,,,,,,,,,,,,,,,,,
2021-03-04,IK Oskarshamn  - Djurgårdens IF,,,,11450,,shl,2020/21,IK Oskarshamn,Djurgårdens IF,,,,,,,,,,,,,,,,,,,,,,,
2021-03-04,IF Malmö Redhawks  - Färjestad BK,,,,11450,,shl,2020/21,IF Malmö Redhawks,Färjestad BK,,,,,,,,,,,,,,,,,,,,,,,
2021-03-04,Frölunda HC  - Skellefteå AIK,,,,11450,,shl,2020/21,Frölunda HC,Skellefteå AIK,,,,,,,,,,,,,,,,,,,,,,,
2021-03-06,Skellefteå AIK  - IF Malmö Redhawks,,,,11450,,shl,2020/21,Skellefteå AIK,IF Malmö Redhawks,,,,,,,,,,,,,,,,,,,,,,,
2021-03-06,Brynäs IF  - Frölunda HC,,,,11450,,shl,2020/21,Brynäs IF,Frölunda HC,,,,,,,,,,,,,,,,,,,,,,,
2021-03-06,Rögle BK  - Växjö Lakers HC,,,,11450,,shl,2020/21,Rögle BK,Växjö Lakers HC,,,,,,,,,,,,,,,,,,,,,,,
2021-03-06,Linköping HC  - Luleå HF,,,,11450,,shl,2020/21,Linköping HC,Luleå HF,,,,,,,,,,,,,,,,,,,,,,,
2021-03-06,Örebro HK  - IK Oskarshamn,,,,11450,,shl,2020/21,Örebro HK,IK Oskarshamn,,,,,,,,,,,,,,,,,,,,,,,
2021-03-06,Färjestad BK  - Djurgårdens IF,,,,11450,,shl,2020/21,Färjestad BK,Djurgårdens IF,,,,,,,,,,,,,,,,,,,,,,,
2021-03-06,HV 71  - Leksands IF,,,,11450,,shl,2020/21,HV 71,Leksands IF,,,,,,,,,,,,,,,,,,,,,,,
2021-03-09,Skellefteå AIK  - IK Oskarshamn,,,,11450,,shl,2020/21,Skellefteå AIK,IK Oskarshamn,,,,,,,,,,,,,,,,,,,,,,,
2021-03-09,Leksands IF  - Luleå HF,,,,11450,,shl,2020/21,Leksands IF,Luleå HF,,,,,,,,,,,,,,,,,,,,,,,
2021-03-09,Örebro HK  - Färjestad BK,,,,11450,,shl,2020/21,Örebro HK,Färjestad BK,,,,,,,,,,,,,,,,,,,,,,,
2021-03-09,Djurgårdens IF  - Brynäs IF,,,,11450,,shl,2020/21,Djurgårdens IF,Brynäs IF,,,,,,,,,,,,,,,,,,,,,,,
2021-03-09,Växjö Lakers HC  - Frölunda HC,,,,11450,,shl,2020/21,Växjö Lakers HC,Frölunda HC,,,,,,,,,,,,,,,,,,,,,,,
2021-03-09,HV 71  - Linköping HC,,,,11450,,shl,2020/21,HV 71,Linköping HC,,,,,,,,,,,,,,,,,,,,,,,
2021-03-09,IF Malmö Redhawks  - Rögle BK,,,,11450,,shl,2020/21,IF Malmö Redhawks,Rögle BK,,,,,,,,,,,,,,,,,,,,,,,
2021-03-11,Luleå HF  - IF Malmö Redhawks,,,,11450,,shl,2020/21,Luleå HF,IF Malmö Redhawks,,,,,,,,,,,,,,,,,,,,,,,
2021-03-11,Brynäs IF  - Örebro HK,,,,11450,,shl,2020/21,Brynäs IF,Örebro HK,,,,,,,,,,,,,,,,,,,,,,,
2021-03-11,Djurgårdens IF  - Linköping HC,,,,11450,,shl,2020/21,Djurgårdens IF,Linköping HC,,,,,,,,,,,,,,,,,,,,,,,
2021-03-11,Rögle BK  - Leksands IF,,,,11450,,shl,2020/21,Rögle BK,Leksands IF,,,,,,,,,,,,,,,,,,,,,,,
2021-03-11,Färjestad BK  - Skellefteå AIK,,,,11450,,shl,2020/21,Färjestad BK,Skellefteå AIK,,,,,,,,,,,,,,,,,,,,,,,
2021-03-11,IK Oskarshamn  - HV 71,,,,11450,,shl,2020/21,IK Oskarshamn,HV 71,,,,,,,,,,,,,,,,,,,,,,,
2021-03-11,Frölunda HC  - Växjö Lakers HC,,,,11450,,shl,2020/21,Frölunda HC,Växjö Lakers HC,,,,,,,,,,,,,,,,,,,,,,,
2020-10-02,Timrå IK  - IF Björklöven,1 - 4,"0-1, 0-0, 1-3",50.0,11449,,allsvenskan,2020/21,Timrå IK,IF Björklöven,1.0,4.0,0-1, 0-0, 1-3,,,0.0,1.0,0.0,0.0,1.0,3.0,,,,,away,away,draw,away,,
2020-10-02,BIK Karlskoga  - Mora IK,3 - 4,"2-2, 0-1, 1-1",50.0,11449,,allsvenskan,2020/21,BIK Karlskoga,Mora IK,3.0,4.0,2-2, 0-1, 1-1,,,2.0,2.0,0.0,1.0,1.0,1.0,,,,,away,draw,away,draw,,
2020-10-02,AIK  - Västerviks IK,2 - 4,"0-1, 1-2, 1-1",49.0,11449,,allsvenskan,2020/21,AIK,Västerviks IK,2.0,4.0,0-1, 1-2, 1-1,,,0.0,1.0,1.0,2.0,1.0,1.0,,,,,away,away,away,draw,,
2020-10-02,Almtuna IS  - Västerås IK,4 - 3,"1-2, 1-1, 2-0",49.0,11449,,allsvenskan,2020/21,Almtuna IS,Västerås IK,4.0,3.0,1-2, 1-1, 2-0,,,1.0,2.0,1.0,1.0,2.0,0.0,,,,,home,away,draw,home,,
2020-10-02,Södertälje SK  - Väsby IK HK,1 - 0,"0-0, 0-0, 1-0",50.0,11449,,allsvenskan,2020/21,Södertälje SK,Väsby IK HK,1.0,0.0,0-0, 0-0, 1-0,,,0.0,0.0,0.0,0.0,1.0,0.0,,,,,home,draw,draw,home,,
2020-10-03,MODO Hockey  - HC Vita Hästen,2 - 5,"0-0, 0-4, 2-1",50.0,11449,,allsvenskan,2020/21,MODO Hockey,HC Vita Hästen,2.0,5.0,0-0, 0-4, 2-1,,,0.0,0.0,0.0,4.0,2.0,1.0,,,,,away,draw,away,home,,
2020-10-03,Mora IK  - Västerviks IK,3 - 4,"1-1, 0-2, 2-0, 0-1",50.0,11449,,allsvenskan,2020/21,Mora IK,Västerviks IK,3.0,4.0,1-1, 0-2, 2-0, 0-1,,1.0,1.0,0.0,2.0,2.0,0.0,0.0,1.0,,,draw,draw,away,home,away,
2020-10-04,Tingsryds AIF  - Almtuna IS,5 - 4,"2-2, 1-1, 1-1, 1-0",50.0,11449,,allsvenskan,2020/21,Tingsryds AIF,Almtuna IS,5.0,4.0,2-2, 1-1, 1-1, 1-0,,2.0,2.0,1.0,1.0,1.0,1.0,1.0,0.0,,,draw,draw,draw,draw,home,
2020-10-04,IF Björklöven  - AIK,5 - 2,"0-0, 2-0, 3-2",50.0,11449,,allsvenskan,2020/21,IF Björklöven,AIK,5.0,2.0,0-0, 2-0, 3-2,,,0.0,0.0,2.0,0.0,3.0,2.0,,,,,home,draw,home,home,,
2020-10-04,Västerås IK  - Södertälje SK,3 - 2,"1-2, 1-0, 1-0",50.0,11449,,allsvenskan,2020/21,Västerås IK,Södertälje SK,3.0,2.0,1-2, 1-0, 1-0,,,1.0,2.0,1.0,0.0,1.0,0.0,,,,,home,away,home,home,,
2020-10-05,Tingsryds AIF  - Almtuna IS,4 - 2,"0-1, 3-1, 1-0",50.0,11449,,allsvenskan,2020/21,Tingsryds AIF,Almtuna IS,4.0,2.0,0-1, 3-1, 1-0,,,0.0,1.0,3.0,1.0,1.0,0.0,,,,,home,away,home,home,,
2020-10-05,Väsby IK HK  - Kristianstads IK,1 - 5,"0-3, 1-0, 0-2",50.0,11449,,allsvenskan,2020/21,Väsby IK HK,Kristianstads IK,1.0,5.0,0-3, 1-0, 0-2,,,0.0,3.0,1.0,0.0,0.0,2.0,,,,,away,away,home,away,,
2020-10-07,Södertälje SK  - Almtuna IS,2 - 4,"1-1, 1-1, 0-2",50.0,11449,,allsvenskan,2020/21,Södertälje SK,Almtuna IS,2.0,4.0,1-1, 1-1, 0-2,,,1.0,1.0,1.0,1.0,0.0,2.0,,,,,away,draw,draw,away,,
2020-10-07,Timrå IK  - BIK Karlskoga,7 - 1,"5-0, 1-1, 1-0",50.0,11449,,allsvenskan,2020/21,Timrå IK,BIK Karlskoga,7.0,1.0,5-0, 1-1, 1-0,,,5.0,0.0,1.0,1.0,1.0,0.0,,,,,home,home,draw,home,,
2020-10-07,AIK  - Väsby IK HK,4 - 1,"2-0, 1-1, 1-0",49.0,11449,,allsvenskan,2020/21,AIK,Väsby IK HK,4.0,1.0,2-0, 1-1, 1-0,,,2.0,0.0,1.0,1.0,1.0,0.0,,,,,home,home,draw,home,,
2020-10-07,HC Vita Hästen  - IF Björklöven,2 - 3,"1-0, 0-1, 1-2",50.0,11449,,allsvenskan,2020/21,HC Vita Hästen,IF Björklöven,2.0,3.0,1-0, 0-1, 1-2,,,1.0,0.0,0.0,1.0,1.0,2.0,,,,,away,home,away,away,,
2020-10-07,Västerås IK  - Kristianstads IK,3 - 2,"1-0, 0-1, 1-1, 0-0, 1-0",50.0,11449,,allsvenskan,2020/21,Västerås IK,Kristianstads IK,3.0,2.0,1-0, 0-1, 1-1, 0-0, 1-0,1.0,0.0,0.0,1.0,1.0,1.0,0.0,0.0,1.0,0.0,draw,home,away,draw,draw,home
2020-10-09,Väsby IK HK  - AIK,3 - 1,"0-0, 0-1, 3-0",50.0,11449,,allsvenskan,2020/21,Väsby IK HK,AIK,3.0,1.0,0-0, 0-1, 3-0,,,0.0,0.0,0.0,1.0,3.0,0.0,,,,,home,draw,away,home,,
2020-10-09,BIK Karlskoga  - HC Vita Hästen,5 - 3,"1-1, 2-1, 2-1",50.0,11449,,allsvenskan,2020/21,BIK Karlskoga,HC Vita Hästen,5.0,3.0,1-1, 2-1, 2-1,,,1.0,1.0,2.0,1.0,2.0,1.0,,,,,home,draw,home,home,,
2020-10-09,Västerviks IK  - Södertälje SK,2 - 1,"0-0, 1-1, 0-0, 0-0, 1-0",50.0,11449,,allsvenskan,2020/21,Västerviks IK,Södertälje SK,2.0,1.0,0-0, 1-1, 0-0, 0-0, 1-0,0.0,0.0,1.0,1.0,0.0,0.0,0.0,0.0,1.0,0.0,draw,draw,draw,draw,draw,home
2020-10-09,Västerås IK  - Tingsryds AIF,4 - 2,"1-0, 2-1, 1-1",50.0,11449,,allsvenskan,2020/21,Västerås IK,Tingsryds AIF,4.0,2.0,1-0, 2-1, 1-1,,,1.0,0.0,2.0,1.0,1.0,1.0,,,,,home,home,home,draw,,
2020-10-09,Kristianstads IK  - Mora IK,1 - 2,"0-1, 1-1, 0-0",50.0,11449,,allsvenskan,2020/21,Kristianstads IK,Mora IK,1.0,2.0,0-1, 1-1, 0-0,,,0.0,1.0,1.0,1.0,0.0,0.0,,,,,away,away,draw,draw,,
2020-10-10,MODO Hockey  - Almtuna IS,,,,11449,,allsvenskan,2020/21,MODO Hockey,Almtuna IS,,,,,,,,,,,,,,,,,,,,,,,
2020-10-11,Kristianstads IK  - Södertälje SK,,,,11449,,allsvenskan,2020/21,Kristianstads IK,Södertälje SK,,,,,,,,,,,,,,,,,,,,,,,
2020-10-11,Tingsryds AIF  - AIK,,,,11449,,allsvenskan,2020/21,Tingsryds AIF,AIK,,,,,,,,,,,,,,,,,,,,,,,
2020-10-12,Timrå IK  - Västerås IK,,,,11449,,allsvenskan,2020/21,Timrå IK,Västerås IK,,,,,,,,,,,,,,,,,,,,,,,
2020-10-14,Tingsryds AIF  - Timrå IK,,,,11449,,allsvenskan,2020/21,Tingsryds AIF,Timrå IK,,,,,,,,,,,,,,,,,,,,,,,
2020-10-14,Kristianstads IK  - MODO Hockey,,,,11449,,allsvenskan,2020/21,Kristianstads IK,MODO Hockey,,,,,,,,,,,,,,,,,,,,,,,
2020-10-14,Almtuna IS  - HC Vita Hästen,,,,11449,,allsvenskan,2020/21,Almtuna IS,HC Vita Hästen,,,,,,,,,,,,,,,,,,,,,,,
2020-10-14,Väsby IK HK  - BIK Karlskoga,,,,11449,,allsvenskan,2020/21,Väsby IK HK,BIK Karlskoga,,,,,,,,,,,,,,,,,,,,,,,
2020-10-14,IF Björklöven  - Västerås IK,,,,11449,,allsvenskan,2020/21,IF Björklöven,Västerås IK,,,,,,,,,,,,,,,,,,,,,,,
2020-10-14,Södertälje SK  - Mora IK,,,,11449,,allsvenskan,2020/21,Södertälje SK,Mora IK,,,,,,,,,,,,,,,,,,,,,,,
2020-10-16,BIK Karlskoga  - Södertälje SK,,,,11449,,allsvenskan,2020/21,BIK Karlskoga,Södertälje SK,,,,,,,,,,,,,,,,,,,,,,,
2020-10-16,Västerviks IK  - Väsby IK HK,,,,11449,,allsvenskan,2020/21,Västerviks IK,Väsby IK HK,,,,,,,,,,,,,,,,,,,,,,,
2020-10-16,Mora IK  - Tingsryds AIF,,,,11449,,allsvenskan,2020/21,Mora IK,Tingsryds AIF,,,,,,,,,,,,,,,,,,,,,,,
2020-10-16,HC Vita Hästen  - Timrå IK,,,,11449,,allsvenskan,2020/21,HC Vita Hästen,Timrå IK,,,,,,,,,,,,,,,,,,,,,,,
2020-10-16,MODO Hockey  - Kristianstads IK,,,,11449,,allsvenskan,2020/21,MODO Hockey,Kristianstads IK,,,,,,,,,,,,,,,,,,,,,,,
2020-10-17,Västerås IK  - Almtuna IS,,,,11449,,allsvenskan,2020/21,Västerås IK,Almtuna IS,,,,,,,,,,,,,,,,,,,,,,,
2020-10-18,Timrå IK  - Kristianstads IK,,,,11449,,allsvenskan,2020/21,Timrå IK,Kristianstads IK,,,,,,,,,,,,,,,,,,,,,,,
2020-10-18,Södertälje SK  - Tingsryds AIF,,,,11449,,allsvenskan,2020/21,Södertälje SK,Tingsryds AIF,,,,,,,,,,,,,,,,,,,,,,,
2020-10-18,IF Björklöven  - Västerviks IK,,,,11449,,allsvenskan,2020/21,IF Björklöven,Västerviks IK,,,,,,,,,,,,,,,,,,,,,,,
2020-10-18,MODO Hockey  - BIK Karlskoga,,,,11449,,allsvenskan,2020/21,MODO Hockey,BIK Karlskoga,,,,,,,,,,,,,,,,,,,,,,,
2020-10-20,Almtuna IS  - MODO Hockey,,,,11449,,allsvenskan,2020/21,Almtuna IS,MODO Hockey,,,,,,,,,,,,,,,,,,,,,,,
2020-10-20,Mora IK  - Västerviks IK,,,,11449,,allsvenskan,2020/21,Mora IK,Västerviks IK,,,,,,,,,,,,,,,,,,,,,,,
2020-10-20,IF Björklöven  - Kristianstads IK,,,,11449,,allsvenskan,2020/21,IF Björklöven,Kristianstads IK,,,,,,,,,,,,,,,,,,,,,,,
2020-10-21,Väsby IK HK  - HC Vita Hästen,,,,11449,,allsvenskan,2020/21,Väsby IK HK,HC Vita Hästen,,,,,,,,,,,,,,,,,,,,,,,
2020-10-21,AIK  - Tingsryds AIF,,,,11449,,allsvenskan,2020/21,AIK,Tingsryds AIF,,,,,,,,,,,,,,,,,,,,,,,
2020-10-21,Södertälje SK  - BIK Karlskoga,,,,11449,,allsvenskan,2020/21,Södertälje SK,BIK Karlskoga,,,,,,,,,,,,,,,,,,,,,,,
2020-10-23,Västerviks IK  - Mora IK,,,,11449,,allsvenskan,2020/21,Västerviks IK,Mora IK,,,,,,,,,,,,,,,,,,,,,,,
2020-10-23,Tingsryds AIF  - Väsby IK HK,,,,11449,,allsvenskan,2020/21,Tingsryds AIF,Väsby IK HK,,,,,,,,,,,,,,,,,,,,,,,
2020-10-23,Timrå IK  - Södertälje SK,,,,11449,,allsvenskan,2020/21,Timrå IK,Södertälje SK,,,,,,,,,,,,,,,,,,,,,,,
2020-10-23,Almtuna IS  - AIK,,,,11449,,allsvenskan,2020/21,Almtuna IS,AIK,,,,,,,,,,,,,,,,,,,,,,,
2020-10-23,BIK Karlskoga  - IF Björklöven,,,,11449,,allsvenskan,2020/21,BIK Karlskoga,IF Björklöven,,,,,,,,,,,,,,,,,,,,,,,
2020-10-23,MODO Hockey  - HC Vita Hästen,,,,11449,,allsvenskan,2020/21,MODO Hockey,HC Vita Hästen,,,,,,,,,,,,,,,,,,,,,,,
2020-10-24,Kristianstads IK  - Mora IK,,,,11449,,allsvenskan,2020/21,Kristianstads IK,Mora IK,,,,,,,,,,,,,,,,,,,,,,,
2020-10-25,Tingsryds AIF  - Västerviks IK,,,,11449,,allsvenskan,2020/21,Tingsryds AIF,Västerviks IK,,,,,,,,,,,,,,,,,,,,,,,
2020-10-25,IF Björklöven  - Södertälje SK,,,,11449,,allsvenskan,2020/21,IF Björklöven,Södertälje SK,,,,,,,,,,,,,,,,,,,,,,,
2020-10-26,Västerås IK  - HC Vita Hästen,,,,11449,,allsvenskan,2020/21,Västerås IK,HC Vita Hästen,,,,,,,,,,,,,,,,,,,,,,,
2020-10-26,AIK  - Timrå IK,,,,11449,,allsvenskan,2020/21,AIK,Timrå IK,,,,,,,,,,,,,,,,,,,,,,,
2020-10-27,IF Björklöven  - Västerviks IK,,,,11449,,allsvenskan,2020/21,IF Björklöven,Västerviks IK,,,,,,,,,,,,,,,,,,,,,,,
2020-10-28,Södertälje SK  - Timrå IK,,,,11449,,allsvenskan,2020/21,Södertälje SK,Timrå IK,,,,,,,,,,,,,,,,,,,,,,,
2020-10-28,BIK Karlskoga  - AIK,,,,11449,,allsvenskan,2020/21,BIK Karlskoga,AIK,,,,,,,,,,,,,,,,,,,,,,,
2020-10-28,Västerås IK  - Väsby IK HK,,,,11449,,allsvenskan,2020/21,Västerås IK,Väsby IK HK,,,,,,,,,,,,,,,,,,,,,,,
2020-10-30,HC Vita Hästen  - IF Björklöven,,,,11449,,allsvenskan,2020/21,HC Vita Hästen,IF Björklöven,,,,,,,,,,,,,,,,,,,,,,,
2020-10-30,MODO Hockey  - Västerviks IK,,,,11449,,allsvenskan,2020/21,MODO Hockey,Västerviks IK,,,,,,,,,,,,,,,,,,,,,,,
2020-10-30,Mora IK  - Almtuna IS,,,,11449,,allsvenskan,2020/21,Mora IK,Almtuna IS,,,,,,,,,,,,,,,,,,,,,,,
2020-10-30,AIK  - Kristianstads IK,,,,11449,,allsvenskan,2020/21,AIK,Kristianstads IK,,,,,,,,,,,,,,,,,,,,,,,
2020-10-30,Tingsryds AIF  - BIK Karlskoga,,,,11449,,allsvenskan,2020/21,Tingsryds AIF,BIK Karlskoga,,,,,,,,,,,,,,,,,,,,,,,
2020-11-01,BIK Karlskoga  - MODO Hockey,,,,11449,,allsvenskan,2020/21,BIK Karlskoga,MODO Hockey,,,,,,,,,,,,,,,,,,,,,,,
2020-11-01,Södertälje SK  - IF Björklöven,,,,11449,,allsvenskan,2020/21,Södertälje SK,IF Björklöven,,,,,,,,,,,,,,,,,,,,,,,
2020-11-01,Väsby IK HK  - Västerås IK,,,,11449,,allsvenskan,2020/21,Väsby IK HK,Västerås IK,,,,,,,,,,,,,,,,,,,,,,,
2020-11-01,Timrå IK  - Almtuna IS,,,,11449,,allsvenskan,2020/21,Timrå IK,Almtuna IS,,,,,,,,,,,,,,,,,,,,,,,
2020-11-01,HC Vita Hästen  - Mora IK,,,,11449,,allsvenskan,2020/21,HC Vita Hästen,Mora IK,,,,,,,,,,,,,,,,,,,,,,,
2020-11-02,Västerviks IK  - AIK,,,,11449,,allsvenskan,2020/21,Västerviks IK,AIK,,,,,,,,,,,,,,,,,,,,,,,
2020-11-04,HC Vita Hästen  - Väsby IK HK,,,,11449,,allsvenskan,2020/21,HC Vita Hästen,Väsby IK HK,,,,,,,,,,,,,,,,,,,,,,,
2020-11-04,MODO Hockey  - Södertälje SK,,,,11449,,allsvenskan,2020/21,MODO Hockey,Södertälje SK,,,,,,,,,,,,,,,,,,,,,,,
2020-11-04,Timrå IK  - Mora IK,,,,11449,,allsvenskan,2020/21,Timrå IK,Mora IK,,,,,,,,,,,,,,,,,,,,,,,
2020-11-04,Kristianstads IK  - AIK,,,,11449,,allsvenskan,2020/21,Kristianstads IK,AIK,,,,,,,,,,,,,,,,,,,,,,,
2020-11-04,Almtuna IS  - BIK Karlskoga,,,,11449,,allsvenskan,2020/21,Almtuna IS,BIK Karlskoga,,,,,,,,,,,,,,,,,,,,,,,
2020-11-04,Tingsryds AIF  - Västerås IK,,,,11449,,allsvenskan,2020/21,Tingsryds AIF,Västerås IK,,,,,,,,,,,,,,,,,,,,,,,
2020-11-06,Södertälje SK  - HC Vita Hästen,,,,11449,,allsvenskan,2020/21,Södertälje SK,HC Vita Hästen,,,,,,,,,,,,,,,,,,,,,,,
2020-11-06,Väsby IK HK  - IF Björklöven,,,,11449,,allsvenskan,2020/21,Väsby IK HK,IF Björklöven,,,,,,,,,,,,,,,,,,,,,,,
2020-11-06,BIK Karlskoga  - Timrå IK,,,,11449,,allsvenskan,2020/21,BIK Karlskoga,Timrå IK,,,,,,,,,,,,,,,,,,,,,,,
2020-11-06,Mora IK  - Kristianstads IK,,,,11449,,allsvenskan,2020/21,Mora IK,Kristianstads IK,,,,,,,,,,,,,,,,,,,,,,,
2020-11-06,Västerviks IK  - Västerås IK,,,,11449,,allsvenskan,2020/21,Västerviks IK,Västerås IK,,,,,,,,,,,,,,,,,,,,,,,
2020-11-08,IF Björklöven  - Tingsryds AIF,,,,11449,,allsvenskan,2020/21,IF Björklöven,Tingsryds AIF,,,,,,,,,,,,,,,,,,,,,,,
2020-11-08,AIK  - Mora IK,,,,11449,,allsvenskan,2020/21,AIK,Mora IK,,,,,,,,,,,,,,,,,,,,,,,
2020-11-08,Södertälje SK  - BIK Karlskoga,,,,11449,,allsvenskan,2020/21,Södertälje SK,BIK Karlskoga,,,,,,,,,,,,,,,,,,,,,,,
2020-11-08,Västerås IK  - Timrå IK,,,,11449,,allsvenskan,2020/21,Västerås IK,Timrå IK,,,,,,,,,,,,,,,,,,,,,,,
2020-11-09,HC Vita Hästen  - Kristianstads IK,,,,11449,,allsvenskan,2020/21,HC Vita Hästen,Kristianstads IK,,,,,,,,,,,,,,,,,,,,,,,
2020-11-11,Västerviks IK  - Västerås IK,,,,11449,,allsvenskan,2020/21,Västerviks IK,Västerås IK,,,,,,,,,,,,,,,,,,,,,,,
2020-11-11,MODO Hockey  - Väsby IK HK,,,,11449,,allsvenskan,2020/21,MODO Hockey,Väsby IK HK,,,,,,,,,,,,,,,,,,,,,,,
2020-11-11,Tingsryds AIF  - HC Vita Hästen,,,,11449,,allsvenskan,2020/21,Tingsryds AIF,HC Vita Hästen,,,,,,,,,,,,,,,,,,,,,,,
2020-11-11,Almtuna IS  - Timrå IK,,,,11449,,allsvenskan,2020/21,Almtuna IS,Timrå IK,,,,,,,,,,,,,,,,,,,,,,,
2020-11-11,BIK Karlskoga  - Mora IK,,,,11449,,allsvenskan,2020/21,BIK Karlskoga,Mora IK,,,,,,,,,,,,,,,,,,,,,,,
2020-11-11,Kristianstads IK  - Södertälje SK,,,,11449,,allsvenskan,2020/21,Kristianstads IK,Södertälje SK,,,,,,,,,,,,,,,,,,,,,,,
2020-11-13,Västerås IK  - Västerviks IK,,,,11449,,allsvenskan,2020/21,Västerås IK,Västerviks IK,,,,,,,,,,,,,,,,,,,,,,,
2020-11-13,IF Björklöven  - Mora IK,,,,11449,,allsvenskan,2020/21,IF Björklöven,Mora IK,,,,,,,,,,,,,,,,,,,,,,,
2020-11-13,Timrå IK  - Väsby IK HK,,,,11449,,allsvenskan,2020/21,Timrå IK,Väsby IK HK,,,,,,,,,,,,,,,,,,,,,,,
2020-11-13,Södertälje SK  - MODO Hockey,,,,11449,,allsvenskan,2020/21,Södertälje SK,MODO Hockey,,,,,,,,,,,,,,,,,,,,,,,
2020-11-13,AIK  - Tingsryds AIF,,,,11449,,allsvenskan,2020/21,AIK,Tingsryds AIF,,,,,,,,,,,,,,,,,,,,,,,
2020-11-14,HC Vita Hästen  - Almtuna IS,,,,11449,,allsvenskan,2020/21,HC Vita Hästen,Almtuna IS,,,,,,,,,,,,,,,,,,,,,,,
2020-11-14,Kristianstads IK  - BIK Karlskoga,,,,11449,,allsvenskan,2020/21,Kristianstads IK,BIK Karlskoga,,,,,,,,,,,,,,,,,,,,,,,
2020-11-15,Västerviks IK  - MODO Hockey,,,,11449,,allsvenskan,2020/21,Västerviks IK,MODO Hockey,,,,,,,,,,,,,,,,,,,,,,,
2020-11-17,HC Vita Hästen  - MODO Hockey,,,,11449,,allsvenskan,2020/21,HC Vita Hästen,MODO Hockey,,,,,,,,,,,,,,,,,,,,,,,
2020-11-18,IF Björklöven  - Kristianstads IK,,,,11449,,allsvenskan,2020/21,IF Björklöven,Kristianstads IK,,,,,,,,,,,,,,,,,,,,,,,
2020-11-18,BIK Karlskoga  - Tingsryds AIF,,,,11449,,allsvenskan,2020/21,BIK Karlskoga,Tingsryds AIF,,,,,,,,,,,,,,,,,,,,,,,
2020-11-18,Almtuna IS  - Västerås IK,,,,11449,,allsvenskan,2020/21,Almtuna IS,Västerås IK,,,,,,,,,,,,,,,,,,,,,,,
2020-11-18,Mora IK  - AIK,,,,11449,,allsvenskan,2020/21,Mora IK,AIK,,,,,,,,,,,,,,,,,,,,,,,
2020-11-18,Väsby IK HK  - Västerviks IK,,,,11449,,allsvenskan,2020/21,Väsby IK HK,Västerviks IK,,,,,,,,,,,,,,,,,,,,,,,
2020-11-19,Almtuna IS  - Tingsryds AIF,,,,11449,,allsvenskan,2020/21,Almtuna IS,Tingsryds AIF,,,,,,,,,,,,,,,,,,,,,,,
2020-11-20,Västerås IK  - Södertälje SK,,,,11449,,allsvenskan,2020/21,Västerås IK,Södertälje SK,,,,,,,,,,,,,,,,,,,,,,,
2020-11-20,Timrå IK  - Kristianstads IK,,,,11449,,allsvenskan,2020/21,Timrå IK,Kristianstads IK,,,,,,,,,,,,,,,,,,,,,,,
2020-11-20,Västerviks IK  - IF Björklöven,,,,11449,,allsvenskan,2020/21,Västerviks IK,IF Björklöven,,,,,,,,,,,,,,,,,,,,,,,
2020-11-20,MODO Hockey  - Mora IK,,,,11449,,allsvenskan,2020/21,MODO Hockey,Mora IK,,,,,,,,,,,,,,,,,,,,,,,
2020-11-20,AIK  - HC Vita Hästen,,,,11449,,allsvenskan,2020/21,AIK,HC Vita Hästen,,,,,,,,,,,,,,,,,,,,,,,
2020-11-20,BIK Karlskoga  - Väsby IK HK,,,,11449,,allsvenskan,2020/21,BIK Karlskoga,Väsby IK HK,,,,,,,,,,,,,,,,,,,,,,,
2020-11-22,AIK  - MODO Hockey,,,,11449,,allsvenskan,2020/21,AIK,MODO Hockey,,,,,,,,,,,,,,,,,,,,,,,
2020-11-22,Väsby IK HK  - IF Björklöven,,,,11449,,allsvenskan,2020/21,Väsby IK HK,IF Björklöven,,,,,,,,,,,,,,,,,,,,,,,
2020-11-25,Västerås IK  - AIK,,,,11449,,allsvenskan,2020/21,Västerås IK,AIK,,,,,,,,,,,,,,,,,,,,,,,
2020-11-25,MODO Hockey  - Väsby IK HK,,,,11449,,allsvenskan,2020/21,MODO Hockey,Väsby IK HK,,,,,,,,,,,,,,,,,,,,,,,
2020-11-25,Kristianstads IK  - Almtuna IS,,,,11449,,allsvenskan,2020/21,Kristianstads IK,Almtuna IS,,,,,,,,,,,,,,,,,,,,,,,
2020-11-25,IF Björklöven  - BIK Karlskoga,,,,11449,,allsvenskan,2020/21,IF Björklöven,BIK Karlskoga,,,,,,,,,,,,,,,,,,,,,,,
2020-11-25,HC Vita Hästen  - Tingsryds AIF,,,,11449,,allsvenskan,2020/21,HC Vita Hästen,Tingsryds AIF,,,,,,,,,,,,,,,,,,,,,,,
2020-11-25,Södertälje SK  - Västerviks IK,,,,11449,,allsvenskan,2020/21,Södertälje SK,Västerviks IK,,,,,,,,,,,,,,,,,,,,,,,
2020-11-27,BIK Karlskoga  - HC Vita Hästen,,,,11449,,allsvenskan,2020/21,BIK Karlskoga,HC Vita Hästen,,,,,,,,,,,,,,,,,,,,,,,
2020-11-27,Timrå IK  - Väsby IK HK,,,,11449,,allsvenskan,2020/21,Timrå IK,Väsby IK HK,,,,,,,,,,,,,,,,,,,,,,,
2020-11-27,AIK  - Södertälje SK,,,,11449,,allsvenskan,2020/21,AIK,Södertälje SK,,,,,,,,,,,,,,,,,,,,,,,
2020-11-27,Almtuna IS  - Västerviks IK,,,,11449,,allsvenskan,2020/21,Almtuna IS,Västerviks IK,,,,,,,,,,,,,,,,,,,,,,,
2020-11-27,Mora IK  - Västerås IK,,,,11449,,allsvenskan,2020/21,Mora IK,Västerås IK,,,,,,,,,,,,,,,,,,,,,,,
2020-11-29,Kristianstads IK  - HC Vita Hästen,,,,11449,,allsvenskan,2020/21,Kristianstads IK,HC Vita Hästen,,,,,,,,,,,,,,,,,,,,,,,
2020-11-29,IF Björklöven  - Väsby IK HK,,,,11449,,allsvenskan,2020/21,IF Björklöven,Väsby IK HK,,,,,,,,,,,,,,,,,,,,,,,
2020-11-29,Västerviks IK  - Tingsryds AIF,,,,11449,,allsvenskan,2020/21,Västerviks IK,Tingsryds AIF,,,,,,,,,,,,,,,,,,,,,,,
2020-11-29,MODO Hockey  - Västerås IK,,,,11449,,allsvenskan,2020/21,MODO Hockey,Västerås IK,,,,,,,,,,,,,,,,,,,,,,,
2020-11-29,Almtuna IS  - BIK Karlskoga,,,,11449,,allsvenskan,2020/21,Almtuna IS,BIK Karlskoga,,,,,,,,,,,,,,,,,,,,,,,
2020-12-02,Tingsryds AIF  - IF Björklöven,,,,11449,,allsvenskan,2020/21,Tingsryds AIF,IF Björklöven,,,,,,,,,,,,,,,,,,,,,,,
2020-12-02,Västerås IK  - Mora IK,,,,11449,,allsvenskan,2020/21,Västerås IK,Mora IK,,,,,,,,,,,,,,,,,,,,,,,
2020-12-02,BIK Karlskoga  - Västerviks IK,,,,11449,,allsvenskan,2020/21,BIK Karlskoga,Västerviks IK,,,,,,,,,,,,,,,,,,,,,,,
2020-12-02,HC Vita Hästen  - Almtuna IS,,,,11449,,allsvenskan,2020/21,HC Vita Hästen,Almtuna IS,,,,,,,,,,,,,,,,,,,,,,,
2020-12-02,Södertälje SK  - MODO Hockey,,,,11449,,allsvenskan,2020/21,Södertälje SK,MODO Hockey,,,,,,,,,,,,,,,,,,,,,,,
2020-12-03,Väsby IK HK  - Timrå IK,,,,11449,,allsvenskan,2020/21,Väsby IK HK,Timrå IK,,,,,,,,,,,,,,,,,,,,,,,
2020-12-04,Kristianstads IK  - IF Björklöven,,,,11449,,allsvenskan,2020/21,Kristianstads IK,IF Björklöven,,,,,,,,,,,,,,,,,,,,,,,
2020-12-04,Västerås IK  - MODO Hockey,,,,11449,,allsvenskan,2020/21,Västerås IK,MODO Hockey,,,,,,,,,,,,,,,,,,,,,,,
2020-12-04,Almtuna IS  - HC Vita Hästen,,,,11449,,allsvenskan,2020/21,Almtuna IS,HC Vita Hästen,,,,,,,,,,,,,,,,,,,,,,,
2020-12-05,BIK Karlskoga  - AIK,,,,11449,,allsvenskan,2020/21,BIK Karlskoga,AIK,,,,,,,,,,,,,,,,,,,,,,,
2020-12-05,Väsby IK HK  - Tingsryds AIF,,,,11449,,allsvenskan,2020/21,Väsby IK HK,Tingsryds AIF,,,,,,,,,,,,,,,,,,,,,,,
2020-12-05,Mora IK  - Timrå IK,,,,11449,,allsvenskan,2020/21,Mora IK,Timrå IK,,,,,,,,,,,,,,,,,,,,,,,
2020-12-05,Södertälje SK  - Västerviks IK,,,,11449,,allsvenskan,2020/21,Södertälje SK,Västerviks IK,,,,,,,,,,,,,,,,,,,,,,,
2020-12-06,Almtuna IS  - IF Björklöven,,,,11449,,allsvenskan,2020/21,Almtuna IS,IF Björklöven,,,,,,,,,,,,,,,,,,,,,,,
2020-12-09,Tingsryds AIF  - Mora IK,,,,11449,,allsvenskan,2020/21,Tingsryds AIF,Mora IK,,,,,,,,,,,,,,,,,,,,,,,
2020-12-09,Västerviks IK  - Almtuna IS,,,,11449,,allsvenskan,2020/21,Västerviks IK,Almtuna IS,,,,,,,,,,,,,,,,,,,,,,,
2020-12-09,MODO Hockey  - AIK,,,,11449,,allsvenskan,2020/21,MODO Hockey,AIK,,,,,,,,,,,,,,,,,,,,,,,
2020-12-09,Timrå IK  - BIK Karlskoga,,,,11449,,allsvenskan,2020/21,Timrå IK,BIK Karlskoga,,,,,,,,,,,,,,,,,,,,,,,
2020-12-09,HC Vita Hästen  - Väsby IK HK,,,,11449,,allsvenskan,2020/21,HC Vita Hästen,Väsby IK HK,,,,,,,,,,,,,,,,,,,,,,,
2020-12-11,MODO Hockey  - Timrå IK,,,,11449,,allsvenskan,2020/21,MODO Hockey,Timrå IK,,,,,,,,,,,,,,,,,,,,,,,
2020-12-11,Väsby IK HK  - Mora IK,,,,11449,,allsvenskan,2020/21,Väsby IK HK,Mora IK,,,,,,,,,,,,,,,,,,,,,,,
2020-12-11,BIK Karlskoga  - Tingsryds AIF,,,,11449,,allsvenskan,2020/21,BIK Karlskoga,Tingsryds AIF,,,,,,,,,,,,,,,,,,,,,,,
2020-12-11,Södertälje SK  - Västerås IK,,,,11449,,allsvenskan,2020/21,Södertälje SK,Västerås IK,,,,,,,,,,,,,,,,,,,,,,,
2020-12-12,AIK  - Västerviks IK,,,,11449,,allsvenskan,2020/21,AIK,Västerviks IK,,,,,,,,,,,,,,,,,,,,,,,
2020-12-12,HC Vita Hästen  - Kristianstads IK,,,,11449,,allsvenskan,2020/21,HC Vita Hästen,Kristianstads IK,,,,,,,,,,,,,,,,,,,,,,,
2020-12-12,IF Björklöven  - Almtuna IS,,,,11449,,allsvenskan,2020/21,IF Björklöven,Almtuna IS,,,,,,,,,,,,,,,,,,,,,,,
2020-12-13,Timrå IK  - Södertälje SK,,,,11449,,allsvenskan,2020/21,Timrå IK,Södertälje SK,,,,,,,,,,,,,,,,,,,,,,,
2020-12-13,Väsby IK HK  - Västerås IK,,,,11449,,allsvenskan,2020/21,Väsby IK HK,Västerås IK,,,,,,,,,,,,,,,,,,,,,,,
2020-12-16,BIK Karlskoga  - Västerås IK,,,,11449,,allsvenskan,2020/21,BIK Karlskoga,Västerås IK,,,,,,,,,,,,,,,,,,,,,,,
2020-12-16,Mora IK  - Södertälje SK,,,,11449,,allsvenskan,2020/21,Mora IK,Södertälje SK,,,,,,,,,,,,,,,,,,,,,,,
2020-12-16,Timrå IK  - HC Vita Hästen,,,,11449,,allsvenskan,2020/21,Timrå IK,HC Vita Hästen,,,,,,,,,,,,,,,,,,,,,,,
2020-12-16,Västerviks IK  - Tingsryds AIF,,,,11449,,allsvenskan,2020/21,Västerviks IK,Tingsryds AIF,,,,,,,,,,,,,,,,,,,,,,,
2020-12-16,AIK  - Almtuna IS,,,,11449,,allsvenskan,2020/21,AIK,Almtuna IS,,,,,,,,,,,,,,,,,,,,,,,
2020-12-16,Kristianstads IK  - MODO Hockey,,,,11449,,allsvenskan,2020/21,Kristianstads IK,MODO Hockey,,,,,,,,,,,,,,,,,,,,,,,
2020-12-18,Västerås IK  - Kristianstads IK,,,,11449,,allsvenskan,2020/21,Västerås IK,Kristianstads IK,,,,,,,,,,,,,,,,,,,,,,,
2020-12-18,Almtuna IS  - Timrå IK,,,,11449,,allsvenskan,2020/21,Almtuna IS,Timrå IK,,,,,,,,,,,,,,,,,,,,,,,
2020-12-18,Väsby IK HK  - BIK Karlskoga,,,,11449,,allsvenskan,2020/21,Väsby IK HK,BIK Karlskoga,,,,,,,,,,,,,,,,,,,,,,,
2020-12-18,Tingsryds AIF  - MODO Hockey,,,,11449,,allsvenskan,2020/21,Tingsryds AIF,MODO Hockey,,,,,,,,,,,,,,,,,,,,,,,
2020-12-19,IF Björklöven  - AIK,,,,11449,,allsvenskan,2020/21,IF Björklöven,AIK,,,,,,,,,,,,,,,,,,,,,,,
2020-12-19,Västerviks IK  - Mora IK,,,,11449,,allsvenskan,2020/21,Västerviks IK,Mora IK,,,,,,,,,,,,,,,,,,,,,,,
2020-12-26,Mora IK  - BIK Karlskoga,,,,11449,,allsvenskan,2020/21,Mora IK,BIK Karlskoga,,,,,,,,,,,,,,,,,,,,,,,
2020-12-26,Södertälje SK  - HC Vita Hästen,,,,11449,,allsvenskan,2020/21,Södertälje SK,HC Vita Hästen,,,,,,,,,,,,,,,,,,,,,,,
2020-12-27,Timrå IK  - IF Björklöven,,,,11449,,allsvenskan,2020/21,Timrå IK,IF Björklöven,,,,,,,,,,,,,,,,,,,,,,,
2020-12-27,Kristianstads IK  - Tingsryds AIF,,,,11449,,allsvenskan,2020/21,Kristianstads IK,Tingsryds AIF,,,,,,,,,,,,,,,,,,,,,,,
2020-12-27,MODO Hockey  - Västerviks IK,,,,11449,,allsvenskan,2020/21,MODO Hockey,Västerviks IK,,,,,,,,,,,,,,,,,,,,,,,
2020-12-27,AIK  - Södertälje SK,,,,11449,,allsvenskan,2020/21,AIK,Södertälje SK,,,,,,,,,,,,,,,,,,,,,,,
2020-12-27,HC Vita Hästen  - Västerås IK,,,,11449,,allsvenskan,2020/21,HC Vita Hästen,Västerås IK,,,,,,,,,,,,,,,,,,,,,,,
2020-12-27,Almtuna IS  - Väsby IK HK,,,,11449,,allsvenskan,2020/21,Almtuna IS,Väsby IK HK,,,,,,,,,,,,,,,,,,,,,,,
2020-12-29,Mora IK  - Västerås IK,,,,11449,,allsvenskan,2020/21,Mora IK,Västerås IK,,,,,,,,,,,,,,,,,,,,,,,
2020-12-29,Västerviks IK  - AIK,,,,11449,,allsvenskan,2020/21,Västerviks IK,AIK,,,,,,,,,,,,,,,,,,,,,,,
2020-12-29,BIK Karlskoga  - Timrå IK,,,,11449,,allsvenskan,2020/21,BIK Karlskoga,Timrå IK,,,,,,,,,,,,,,,,,,,,,,,
2020-12-29,IF Björklöven  - Almtuna IS,,,,11449,,allsvenskan,2020/21,IF Björklöven,Almtuna IS,,,,,,,,,,,,,,,,,,,,,,,
2020-12-29,Tingsryds AIF  - MODO Hockey,,,,11449,,allsvenskan,2020/21,Tingsryds AIF,MODO Hockey,,,,,,,,,,,,,,,,,,,,,,,
2020-12-30,Väsby IK HK  - HC Vita Hästen,,,,11449,,allsvenskan,2020/21,Väsby IK HK,HC Vita Hästen,,,,,,,,,,,,,,,,,,,,,,,
2020-12-30,Södertälje SK  - Kristianstads IK,,,,11449,,allsvenskan,2020/21,Södertälje SK,Kristianstads IK,,,,,,,,,,,,,,,,,,,,,,,
2021-01-03,MODO Hockey  - Timrå IK,,,,11449,,allsvenskan,2020/21,MODO Hockey,Timrå IK,,,,,,,,,,,,,,,,,,,,,,,
2021-01-04,Timrå IK  - MODO Hockey,,,,11449,,allsvenskan,2020/21,Timrå IK,MODO Hockey,,,,,,,,,,,,,,,,,,,,,,,
2021-01-04,HC Vita Hästen  - Södertälje SK,,,,11449,,allsvenskan,2020/21,HC Vita Hästen,Södertälje SK,,,,,,,,,,,,,,,,,,,,,,,
2021-01-04,Kristianstads IK  - AIK,,,,11449,,allsvenskan,2020/21,Kristianstads IK,AIK,,,,,,,,,,,,,,,,,,,,,,,
2021-01-04,Västerås IK  - IF Björklöven,,,,11449,,allsvenskan,2020/21,Västerås IK,IF Björklöven,,,,,,,,,,,,,,,,,,,,,,,
2021-01-06,Väsby IK HK  - MODO Hockey,,,,11449,,allsvenskan,2020/21,Väsby IK HK,MODO Hockey,,,,,,,,,,,,,,,,,,,,,,,
2021-01-06,Tingsryds AIF  - AIK,,,,11449,,allsvenskan,2020/21,Tingsryds AIF,AIK,,,,,,,,,,,,,,,,,,,,,,,
2021-01-06,Västerviks IK  - Södertälje SK,,,,11449,,allsvenskan,2020/21,Västerviks IK,Södertälje SK,,,,,,,,,,,,,,,,,,,,,,,
2021-01-06,Timrå IK  - Mora IK,,,,11449,,allsvenskan,2020/21,Timrå IK,Mora IK,,,,,,,,,,,,,,,,,,,,,,,
2021-01-06,BIK Karlskoga  - Kristianstads IK,,,,11449,,allsvenskan,2020/21,BIK Karlskoga,Kristianstads IK,,,,,,,,,,,,,,,,,,,,,,,
2021-01-06,Almtuna IS  - IF Björklöven,,,,11449,,allsvenskan,2020/21,Almtuna IS,IF Björklöven,,,,,,,,,,,,,,,,,,,,,,,
2021-01-08,Södertälje SK  - Väsby IK HK,,,,11449,,allsvenskan,2020/21,Södertälje SK,Väsby IK HK,,,,,,,,,,,,,,,,,,,,,,,
2021-01-08,Västerås IK  - Almtuna IS,,,,11449,,allsvenskan,2020/21,Västerås IK,Almtuna IS,,,,,,,,,,,,,,,,,,,,,,,
2021-01-08,HC Vita Hästen  - Tingsryds AIF,,,,11449,,allsvenskan,2020/21,HC Vita Hästen,Tingsryds AIF,,,,,,,,,,,,,,,,,,,,,,,
2021-01-08,Västerviks IK  - MODO Hockey,,,,11449,,allsvenskan,2020/21,Västerviks IK,MODO Hockey,,,,,,,,,,,,,,,,,,,,,,,
2021-01-09,Kristianstads IK  - Timrå IK,,,,11449,,allsvenskan,2020/21,Kristianstads IK,Timrå IK,,,,,,,,,,,,,,,,,,,,,,,
2021-01-09,IF Björklöven  - Mora IK,,,,11449,,allsvenskan,2020/21,IF Björklöven,Mora IK,,,,,,,,,,,,,,,,,,,,,,,
2021-01-09,Almtuna IS  - Södertälje SK,,,,11449,,allsvenskan,2020/21,Almtuna IS,Södertälje SK,,,,,,,,,,,,,,,,,,,,,,,
2021-01-09,AIK  - BIK Karlskoga,,,,11449,,allsvenskan,2020/21,AIK,BIK Karlskoga,,,,,,,,,,,,,,,,,,,,,,,
2021-01-10,Tingsryds AIF  - Västerås IK,,,,11449,,allsvenskan,2020/21,Tingsryds AIF,Västerås IK,,,,,,,,,,,,,,,,,,,,,,,
2021-01-11,IF Björklöven  - BIK Karlskoga,,,,11449,,allsvenskan,2020/21,IF Björklöven,BIK Karlskoga,,,,,,,,,,,,,,,,,,,,,,,
2021-01-11,Mora IK  - Kristianstads IK,,,,11449,,allsvenskan,2020/21,Mora IK,Kristianstads IK,,,,,,,,,,,,,,,,,,,,,,,
2021-01-13,Tingsryds AIF  - Södertälje SK,,,,11449,,allsvenskan,2020/21,Tingsryds AIF,Södertälje SK,,,,,,,,,,,,,,,,,,,,,,,
2021-01-13,Almtuna IS  - Kristianstads IK,,,,11449,,allsvenskan,2020/21,Almtuna IS,Kristianstads IK,,,,,,,,,,,,,,,,,,,,,,,
2021-01-13,AIK  - Väsby IK HK,,,,11449,,allsvenskan,2020/21,AIK,Väsby IK HK,,,,,,,,,,,,,,,,,,,,,,,
2021-01-13,MODO Hockey  - BIK Karlskoga,,,,11449,,allsvenskan,2020/21,MODO Hockey,BIK Karlskoga,,,,,,,,,,,,,,,,,,,,,,,
2021-01-13,Timrå IK  - Västerås IK,,,,11449,,allsvenskan,2020/21,Timrå IK,Västerås IK,,,,,,,,,,,,,,,,,,,,,,,
2021-01-15,BIK Karlskoga  - Väsby IK HK,,,,11449,,allsvenskan,2020/21,BIK Karlskoga,Väsby IK HK,,,,,,,,,,,,,,,,,,,,,,,
2021-01-15,MODO Hockey  - AIK,,,,11449,,allsvenskan,2020/21,MODO Hockey,AIK,,,,,,,,,,,,,,,,,,,,,,,
2021-01-15,Södertälje SK  - IF Björklöven,,,,11449,,allsvenskan,2020/21,Södertälje SK,IF Björklöven,,,,,,,,,,,,,,,,,,,,,,,
2021-01-15,Kristianstads IK  - Almtuna IS,,,,11449,,allsvenskan,2020/21,Kristianstads IK,Almtuna IS,,,,,,,,,,,,,,,,,,,,,,,
2021-01-15,Timrå IK  - Västerviks IK,,,,11449,,allsvenskan,2020/21,Timrå IK,Västerviks IK,,,,,,,,,,,,,,,,,,,,,,,
2021-01-16,HC Vita Hästen  - Västerås IK,,,,11449,,allsvenskan,2020/21,HC Vita Hästen,Västerås IK,,,,,,,,,,,,,,,,,,,,,,,
2021-01-16,Mora IK  - Tingsryds AIF,,,,11449,,allsvenskan,2020/21,Mora IK,Tingsryds AIF,,,,,,,,,,,,,,,,,,,,,,,
2021-01-16,IF Björklöven  - Södertälje SK,,,,11449,,allsvenskan,2020/21,IF Björklöven,Södertälje SK,,,,,,,,,,,,,,,,,,,,,,,
2021-01-17,Almtuna IS  - Tingsryds AIF,,,,11449,,allsvenskan,2020/21,Almtuna IS,Tingsryds AIF,,,,,,,,,,,,,,,,,,,,,,,
2021-01-17,Västerviks IK  - Kristianstads IK,,,,11449,,allsvenskan,2020/21,Västerviks IK,Kristianstads IK,,,,,,,,,,,,,,,,,,,,,,,
2021-01-18,Väsby IK HK  - MODO Hockey,,,,11449,,allsvenskan,2020/21,Väsby IK HK,MODO Hockey,,,,,,,,,,,,,,,,,,,,,,,
2021-01-19,Västerviks IK  - IF Björklöven,,,,11449,,allsvenskan,2020/21,Västerviks IK,IF Björklöven,,,,,,,,,,,,,,,,,,,,,,,
2021-01-19,Västerås IK  - MODO Hockey,,,,11449,,allsvenskan,2020/21,Västerås IK,MODO Hockey,,,,,,,,,,,,,,,,,,,,,,,
2021-01-20,Kristianstads IK  - Timrå IK,,,,11449,,allsvenskan,2020/21,Kristianstads IK,Timrå IK,,,,,,,,,,,,,,,,,,,,,,,
2021-01-20,Tingsryds AIF  - HC Vita Hästen,,,,11449,,allsvenskan,2020/21,Tingsryds AIF,HC Vita Hästen,,,,,,,,,,,,,,,,,,,,,,,
2021-01-20,BIK Karlskoga  - Almtuna IS,,,,11449,,allsvenskan,2020/21,BIK Karlskoga,Almtuna IS,,,,,,,,,,,,,,,,,,,,,,,
2021-01-20,AIK  - Mora IK,,,,11449,,allsvenskan,2020/21,AIK,Mora IK,,,,,,,,,,,,,,,,,,,,,,,
2021-01-20,Väsby IK HK  - Södertälje SK,,,,11449,,allsvenskan,2020/21,Väsby IK HK,Södertälje SK,,,,,,,,,,,,,,,,,,,,,,,
2021-01-22,MODO Hockey  - IF Björklöven,,,,11449,,allsvenskan,2020/21,MODO Hockey,IF Björklöven,,,,,,,,,,,,,,,,,,,,,,,
2021-01-22,Almtuna IS  - Södertälje SK,,,,11449,,allsvenskan,2020/21,Almtuna IS,Södertälje SK,,,,,,,,,,,,,,,,,,,,,,,
2021-01-22,Väsby IK HK  - Västerviks IK,,,,11449,,allsvenskan,2020/21,Väsby IK HK,Västerviks IK,,,,,,,,,,,,,,,,,,,,,,,
2021-01-22,Tingsryds AIF  - Timrå IK,,,,11449,,allsvenskan,2020/21,Tingsryds AIF,Timrå IK,,,,,,,,,,,,,,,,,,,,,,,
2021-01-22,Mora IK  - AIK,,,,11449,,allsvenskan,2020/21,Mora IK,AIK,,,,,,,,,,,,,,,,,,,,,,,
2021-01-22,Västerås IK  - HC Vita Hästen,,,,11449,,allsvenskan,2020/21,Västerås IK,HC Vita Hästen,,,,,,,,,,,,,,,,,,,,,,,
2021-01-23,BIK Karlskoga  - Kristianstads IK,,,,11449,,allsvenskan,2020/21,BIK Karlskoga,Kristianstads IK,,,,,,,,,,,,,,,,,,,,,,,
2021-01-23,IF Björklöven  - MODO Hockey,,,,11449,,allsvenskan,2020/21,IF Björklöven,MODO Hockey,,,,,,,,,,,,,,,,,,,,,,,
2021-01-24,HC Vita Hästen  - AIK,,,,11449,,allsvenskan,2020/21,HC Vita Hästen,AIK,,,,,,,,,,,,,,,,,,,,,,,
2021-01-24,Mora IK  - Timrå IK,,,,11449,,allsvenskan,2020/21,Mora IK,Timrå IK,,,,,,,,,,,,,,,,,,,,,,,
2021-01-26,Kristianstads IK  - Västerås IK,,,,11449,,allsvenskan,2020/21,Kristianstads IK,Västerås IK,,,,,,,,,,,,,,,,,,,,,,,
2021-01-27,Mora IK  - IF Björklöven,,,,11449,,allsvenskan,2020/21,Mora IK,IF Björklöven,,,,,,,,,,,,,,,,,,,,,,,
2021-01-27,AIK  - Almtuna IS,,,,11449,,allsvenskan,2020/21,AIK,Almtuna IS,,,,,,,,,,,,,,,,,,,,,,,
2021-01-27,MODO Hockey  - Södertälje SK,,,,11449,,allsvenskan,2020/21,MODO Hockey,Södertälje SK,,,,,,,,,,,,,,,,,,,,,,,
2021-01-27,Västerviks IK  - Väsby IK HK,,,,11449,,allsvenskan,2020/21,Västerviks IK,Väsby IK HK,,,,,,,,,,,,,,,,,,,,,,,
2021-01-29,IF Björklöven  - MODO Hockey,,,,11449,,allsvenskan,2020/21,IF Björklöven,MODO Hockey,,,,,,,,,,,,,,,,,,,,,,,
2021-01-29,Södertälje SK  - AIK,,,,11449,,allsvenskan,2020/21,Södertälje SK,AIK,,,,,,,,,,,,,,,,,,,,,,,
2021-01-29,Västerås IK  - BIK Karlskoga,,,,11449,,allsvenskan,2020/21,Västerås IK,BIK Karlskoga,,,,,,,,,,,,,,,,,,,,,,,
2021-01-29,Timrå IK  - Tingsryds AIF,,,,11449,,allsvenskan,2020/21,Timrå IK,Tingsryds AIF,,,,,,,,,,,,,,,,,,,,,,,
2021-01-29,Almtuna IS  - Mora IK,,,,11449,,allsvenskan,2020/21,Almtuna IS,Mora IK,,,,,,,,,,,,,,,,,,,,,,,
2021-01-29,Västerviks IK  - HC Vita Hästen,,,,11449,,allsvenskan,2020/21,Västerviks IK,HC Vita Hästen,,,,,,,,,,,,,,,,,,,,,,,
2021-01-30,Kristianstads IK  - Väsby IK HK,,,,11449,,allsvenskan,2020/21,Kristianstads IK,Väsby IK HK,,,,,,,,,,,,,,,,,,,,,,,
2021-01-30,Mora IK  - BIK Karlskoga,,,,11449,,allsvenskan,2020/21,Mora IK,BIK Karlskoga,,,,,,,,,,,,,,,,,,,,,,,
2021-01-30,HC Vita Hästen  - Västerviks IK,,,,11449,,allsvenskan,2020/21,HC Vita Hästen,Västerviks IK,,,,,,,,,,,,,,,,,,,,,,,
2021-01-31,AIK  - Västerås IK,,,,11449,,allsvenskan,2020/21,AIK,Västerås IK,,,,,,,,,,,,,,,,,,,,,,,
2021-01-31,MODO Hockey  - Tingsryds AIF,,,,11449,,allsvenskan,2020/21,MODO Hockey,Tingsryds AIF,,,,,,,,,,,,,,,,,,,,,,,
2021-01-31,Södertälje SK  - Almtuna IS,,,,11449,,allsvenskan,2020/21,Södertälje SK,Almtuna IS,,,,,,,,,,,,,,,,,,,,,,,
2021-02-03,BIK Karlskoga  - IF Björklöven,,,,11449,,allsvenskan,2020/21,BIK Karlskoga,IF Björklöven,,,,,,,,,,,,,,,,,,,,,,,
2021-02-03,AIK  - HC Vita Hästen,,,,11449,,allsvenskan,2020/21,AIK,HC Vita Hästen,,,,,,,,,,,,,,,,,,,,,,,
2021-02-03,MODO Hockey  - Mora IK,,,,11449,,allsvenskan,2020/21,MODO Hockey,Mora IK,,,,,,,,,,,,,,,,,,,,,,,
2021-02-03,Väsby IK HK  - Timrå IK,,,,11449,,allsvenskan,2020/21,Väsby IK HK,Timrå IK,,,,,,,,,,,,,,,,,,,,,,,
2021-02-03,Västerås IK  - Västerviks IK,,,,11449,,allsvenskan,2020/21,Västerås IK,Västerviks IK,,,,,,,,,,,,,,,,,,,,,,,
2021-02-03,Tingsryds AIF  - Södertälje SK,,,,11449,,allsvenskan,2020/21,Tingsryds AIF,Södertälje SK,,,,,,,,,,,,,,,,,,,,,,,
2021-02-03,Almtuna IS  - Kristianstads IK,,,,11449,,allsvenskan,2020/21,Almtuna IS,Kristianstads IK,,,,,,,,,,,,,,,,,,,,,,,
2021-02-05,Kristianstads IK  - Tingsryds AIF,,,,11449,,allsvenskan,2020/21,Kristianstads IK,Tingsryds AIF,,,,,,,,,,,,,,,,,,,,,,,
2021-02-05,IF Björklöven  - Timrå IK,,,,11449,,allsvenskan,2020/21,IF Björklöven,Timrå IK,,,,,,,,,,,,,,,,,,,,,,,
2021-02-05,Västerviks IK  - Almtuna IS,,,,11449,,allsvenskan,2020/21,Västerviks IK,Almtuna IS,,,,,,,,,,,,,,,,,,,,,,,
2021-02-05,Västerås IK  - AIK,,,,11449,,allsvenskan,2020/21,Västerås IK,AIK,,,,,,,,,,,,,,,,,,,,,,,
2021-02-05,Mora IK  - Väsby IK HK,,,,11449,,allsvenskan,2020/21,Mora IK,Väsby IK HK,,,,,,,,,,,,,,,,,,,,,,,
2021-02-06,HC Vita Hästen  - MODO Hockey,,,,11449,,allsvenskan,2020/21,HC Vita Hästen,MODO Hockey,,,,,,,,,,,,,,,,,,,,,,,
2021-02-06,Tingsryds AIF  - Kristianstads IK,,,,11449,,allsvenskan,2020/21,Tingsryds AIF,Kristianstads IK,,,,,,,,,,,,,,,,,,,,,,,
2021-02-06,IF Björklöven  - Timrå IK,,,,11449,,allsvenskan,2020/21,IF Björklöven,Timrå IK,,,,,,,,,,,,,,,,,,,,,,,
2021-02-07,AIK  - Västerås IK,,,,11449,,allsvenskan,2020/21,AIK,Västerås IK,,,,,,,,,,,,,,,,,,,,,,,
2021-02-07,Väsby IK HK  - Mora IK,,,,11449,,allsvenskan,2020/21,Väsby IK HK,Mora IK,,,,,,,,,,,,,,,,,,,,,,,
2021-02-07,BIK Karlskoga  - Västerviks IK,,,,11449,,allsvenskan,2020/21,BIK Karlskoga,Västerviks IK,,,,,,,,,,,,,,,,,,,,,,,
2021-02-08,Almtuna IS  - MODO Hockey,,,,11449,,allsvenskan,2020/21,Almtuna IS,MODO Hockey,,,,,,,,,,,,,,,,,,,,,,,
2021-02-10,Kristianstads IK  - Västerviks IK,,,,11449,,allsvenskan,2020/21,Kristianstads IK,Västerviks IK,,,,,,,,,,,,,,,,,,,,,,,
2021-02-10,Västerås IK  - Väsby IK HK,,,,11449,,allsvenskan,2020/21,Västerås IK,Väsby IK HK,,,,,,,,,,,,,,,,,,,,,,,
2021-02-10,Tingsryds AIF  - IF Björklöven,,,,11449,,allsvenskan,2020/21,Tingsryds AIF,IF Björklöven,,,,,,,,,,,,,,,,,,,,,,,
2021-02-10,Mora IK  - Södertälje SK,,,,11449,,allsvenskan,2020/21,Mora IK,Södertälje SK,,,,,,,,,,,,,,,,,,,,,,,
2021-02-10,Timrå IK  - HC Vita Hästen,,,,11449,,allsvenskan,2020/21,Timrå IK,HC Vita Hästen,,,,,,,,,,,,,,,,,,,,,,,
2021-02-12,Västerviks IK  - BIK Karlskoga,,,,11449,,allsvenskan,2020/21,Västerviks IK,BIK Karlskoga,,,,,,,,,,,,,,,,,,,,,,,
2021-02-12,Väsby IK HK  - Tingsryds AIF,,,,11449,,allsvenskan,2020/21,Väsby IK HK,Tingsryds AIF,,,,,,,,,,,,,,,,,,,,,,,
2021-02-12,MODO Hockey  - Kristianstads IK,,,,11449,,allsvenskan,2020/21,MODO Hockey,Kristianstads IK,,,,,,,,,,,,,,,,,,,,,,,
2021-02-12,AIK  - IF Björklöven,,,,11449,,allsvenskan,2020/21,AIK,IF Björklöven,,,,,,,,,,,,,,,,,,,,,,,
2021-02-12,Mora IK  - HC Vita Hästen,,,,11449,,allsvenskan,2020/21,Mora IK,HC Vita Hästen,,,,,,,,,,,,,,,,,,,,,,,
2021-02-13,Södertälje SK  - Västerås IK,,,,11449,,allsvenskan,2020/21,Södertälje SK,Västerås IK,,,,,,,,,,,,,,,,,,,,,,,
2021-02-14,Timrå IK  - AIK,,,,11449,,allsvenskan,2020/21,Timrå IK,AIK,,,,,,,,,,,,,,,,,,,,,,,
2021-02-14,HC Vita Hästen  - BIK Karlskoga,,,,11449,,allsvenskan,2020/21,HC Vita Hästen,BIK Karlskoga,,,,,,,,,,,,,,,,,,,,,,,
2021-02-14,IF Björklöven  - Tingsryds AIF,,,,11449,,allsvenskan,2020/21,IF Björklöven,Tingsryds AIF,,,,,,,,,,,,,,,,,,,,,,,
2021-02-15,MODO Hockey  - Almtuna IS,,,,11449,,allsvenskan,2020/21,MODO Hockey,Almtuna IS,,,,,,,,,,,,,,,,,,,,,,,
2021-02-16,Timrå IK  - Almtuna IS,,,,11449,,allsvenskan,2020/21,Timrå IK,Almtuna IS,,,,,,,,,,,,,,,,,,,,,,,
2021-02-17,AIK  - MODO Hockey,,,,11449,,allsvenskan,2020/21,AIK,MODO Hockey,,,,,,,,,,,,,,,,,,,,,,,
2021-02-17,Västerås IK  - IF Björklöven,,,,11449,,allsvenskan,2020/21,Västerås IK,IF Björklöven,,,,,,,,,,,,,,,,,,,,,,,
2021-02-17,Kristianstads IK  - HC Vita Hästen,,,,11449,,allsvenskan,2020/21,Kristianstads IK,HC Vita Hästen,,,,,,,,,,,,,,,,,,,,,,,
2021-02-17,Mora IK  - Väsby IK HK,,,,11449,,allsvenskan,2020/21,Mora IK,Väsby IK HK,,,,,,,,,,,,,,,,,,,,,,,
2021-02-19,Västerviks IK  - Kristianstads IK,,,,11449,,allsvenskan,2020/21,Västerviks IK,Kristianstads IK,,,,,,,,,,,,,,,,,,,,,,,
2021-02-19,HC Vita Hästen  - Timrå IK,,,,11449,,allsvenskan,2020/21,HC Vita Hästen,Timrå IK,,,,,,,,,,,,,,,,,,,,,,,
2021-02-19,Almtuna IS  - AIK,,,,11449,,allsvenskan,2020/21,Almtuna IS,AIK,,,,,,,,,,,,,,,,,,,,,,,
2021-02-19,IF Björklöven  - Väsby IK HK,,,,11449,,allsvenskan,2020/21,IF Björklöven,Väsby IK HK,,,,,,,,,,,,,,,,,,,,,,,
2021-02-20,Tingsryds AIF  - Mora IK,,,,11449,,allsvenskan,2020/21,Tingsryds AIF,Mora IK,,,,,,,,,,,,,,,,,,,,,,,
2021-02-20,MODO Hockey  - Västerås IK,,,,11449,,allsvenskan,2020/21,MODO Hockey,Västerås IK,,,,,,,,,,,,,,,,,,,,,,,
2021-02-20,BIK Karlskoga  - Södertälje SK,,,,11449,,allsvenskan,2020/21,BIK Karlskoga,Södertälje SK,,,,,,,,,,,,,,,,,,,,,,,
2021-02-21,Väsby IK HK  - AIK,,,,11449,,allsvenskan,2020/21,Väsby IK HK,AIK,,,,,,,,,,,,,,,,,,,,,,,
2021-02-21,Timrå IK  - Västerviks IK,,,,11449,,allsvenskan,2020/21,Timrå IK,Västerviks IK,,,,,,,,,,,,,,,,,,,,,,,
2021-02-22,IF Björklöven  - Västerås IK,,,,11449,,allsvenskan,2020/21,IF Björklöven,Västerås IK,,,,,,,,,,,,,,,,,,,,,,,
2021-02-22,HC Vita Hästen  - Mora IK,,,,11449,,allsvenskan,2020/21,HC Vita Hästen,Mora IK,,,,,,,,,,,,,,,,,,,,,,,
2021-02-22,Kristianstads IK  - BIK Karlskoga,,,,11449,,allsvenskan,2020/21,Kristianstads IK,BIK Karlskoga,,,,,,,,,,,,,,,,,,,,,,,
2021-02-24,Mora IK  - MODO Hockey,,,,11449,,allsvenskan,2020/21,Mora IK,MODO Hockey,,,,,,,,,,,,,,,,,,,,,,,
2021-02-24,Västerviks IK  - BIK Karlskoga,,,,11449,,allsvenskan,2020/21,Västerviks IK,BIK Karlskoga,,,,,,,,,,,,,,,,,,,,,,,
2021-02-24,Södertälje SK  - Tingsryds AIF,,,,11449,,allsvenskan,2020/21,Södertälje SK,Tingsryds AIF,,,,,,,,,,,,,,,,,,,,,,,
2021-02-24,AIK  - Timrå IK,,,,11449,,allsvenskan,2020/21,AIK,Timrå IK,,,,,,,,,,,,,,,,,,,,,,,
2021-02-26,Väsby IK HK  - Almtuna IS,,,,11449,,allsvenskan,2020/21,Väsby IK HK,Almtuna IS,,,,,,,,,,,,,,,,,,,,,,,
2021-02-26,Mora IK  - HC Vita Hästen,,,,11449,,allsvenskan,2020/21,Mora IK,HC Vita Hästen,,,,,,,,,,,,,,,,,,,,,,,
2021-02-26,Tingsryds AIF  - Kristianstads IK,,,,11449,,allsvenskan,2020/21,Tingsryds AIF,Kristianstads IK,,,,,,,,,,,,,,,,,,,,,,,
2021-02-27,AIK  - IF Björklöven,,,,11449,,allsvenskan,2020/21,AIK,IF Björklöven,,,,,,,,,,,,,,,,,,,,,,,
2021-02-27,Kristianstads IK  - Västerviks IK,,,,11449,,allsvenskan,2020/21,Kristianstads IK,Västerviks IK,,,,,,,,,,,,,,,,,,,,,,,
2021-02-28,HC Vita Hästen  - BIK Karlskoga,,,,11449,,allsvenskan,2020/21,HC Vita Hästen,BIK Karlskoga,,,,,,,,,,,,,,,,,,,,,,,
2021-02-28,Södertälje SK  - Timrå IK,,,,11449,,allsvenskan,2020/21,Södertälje SK,Timrå IK,,,,,,,,,,,,,,,,,,,,,,,
2021-03-02,Västerviks IK  - Timrå IK,,,,11449,,allsvenskan,2020/21,Västerviks IK,Timrå IK,,,,,,,,,,,,,,,,,,,,,,,
2021-03-02,IF Björklöven  - HC Vita Hästen,,,,11449,,allsvenskan,2020/21,IF Björklöven,HC Vita Hästen,,,,,,,,,,,,,,,,,,,,,,,
2021-03-03,Västerås IK  - Tingsryds AIF,,,,11449,,allsvenskan,2020/21,Västerås IK,Tingsryds AIF,,,,,,,,,,,,,,,,,,,,,,,
2021-03-03,BIK Karlskoga  - Almtuna IS,,,,11449,,allsvenskan,2020/21,BIK Karlskoga,Almtuna IS,,,,,,,,,,,,,,,,,,,,,,,
2021-03-03,AIK  - Kristianstads IK,,,,11449,,allsvenskan,2020/21,AIK,Kristianstads IK,,,,,,,,,,,,,,,,,,,,,,,
2021-03-03,Mora IK  - MODO Hockey,,,,11449,,allsvenskan,2020/21,Mora IK,MODO Hockey,,,,,,,,,,,,,,,,,,,,,,,
2021-03-03,Väsby IK HK  - Södertälje SK,,,,11449,,allsvenskan,2020/21,Väsby IK HK,Södertälje SK,,,,,,,,,,,,,,,,,,,,,,,
2021-03-05,Västerås IK  - BIK Karlskoga,,,,11449,,allsvenskan,2020/21,Västerås IK,BIK Karlskoga,,,,,,,,,,,,,,,,,,,,,,,
2021-03-05,Timrå IK  - Tingsryds AIF,,,,11449,,allsvenskan,2020/21,Timrå IK,Tingsryds AIF,,,,,,,,,,,,,,,,,,,,,,,
2021-03-05,Almtuna IS  - Mora IK,,,,11449,,allsvenskan,2020/21,Almtuna IS,Mora IK,,,,,,,,,,,,,,,,,,,,,,,
2021-03-05,HC Vita Hästen  - Västerviks IK,,,,11449,,allsvenskan,2020/21,HC Vita Hästen,Västerviks IK,,,,,,,,,,,,,,,,,,,,,,,
2021-03-05,Väsby IK HK  - Kristianstads IK,,,,11449,,allsvenskan,2020/21,Väsby IK HK,Kristianstads IK,,,,,,,,,,,,,,,,,,,,,,,
2021-03-06,Södertälje SK  - AIK,,,,11449,,allsvenskan,2020/21,Södertälje SK,AIK,,,,,,,,,,,,,,,,,,,,,,,
2021-03-06,Mora IK  - Almtuna IS,,,,11449,,allsvenskan,2020/21,Mora IK,Almtuna IS,,,,,,,,,,,,,,,,,,,,,,,
2021-03-06,Västerviks IK  - HC Vita Hästen,,,,11449,,allsvenskan,2020/21,Västerviks IK,HC Vita Hästen,,,,,,,,,,,,,,,,,,,,,,,
2021-03-07,MODO Hockey  - IF Björklöven,,,,11449,,allsvenskan,2020/21,MODO Hockey,IF Björklöven,,,,,,,,,,,,,,,,,,,,,,,
2021-03-07,Kristianstads IK  - Väsby IK HK,,,,11449,,allsvenskan,2020/21,Kristianstads IK,Väsby IK HK,,,,,,,,,,,,,,,,,,,,,,,
2021-03-07,Tingsryds AIF  - BIK Karlskoga,,,,11449,,allsvenskan,2020/21,Tingsryds AIF,BIK Karlskoga,,,,,,,,,,,,,,,,,,,,,,,
2021-03-07,Västerås IK  - Timrå IK,,,,11449,,allsvenskan,2020/21,Västerås IK,Timrå IK,,,,,,,,,,,,,,,,,,,,,,,
2021-03-10,Timrå IK  - MODO Hockey,,,,11449,,allsvenskan,2020/21,Timrå IK,MODO Hockey,,,,,,,,,,,,,,,,,,,,,,,
2021-03-10,Tingsryds AIF  - Väsby IK HK,,,,11449,,allsvenskan,2020/21,Tingsryds AIF,Väsby IK HK,,,,,,,,,,,,,,,,,,,,,,,
2021-03-10,BIK Karlskoga  - Västerås IK,,,,11449,,allsvenskan,2020/21,BIK Karlskoga,Västerås IK,,,,,,,,,,,,,,,,,,,,,,,
2021-03-10,HC Vita Hästen  - AIK,,,,11449,,allsvenskan,2020/21,HC Vita Hästen,AIK,,,,,,,,,,,,,,,,,,,,,,,
2021-03-10,Almtuna IS  - Västerviks IK,,,,11449,,allsvenskan,2020/21,Almtuna IS,Västerviks IK,,,,,,,,,,,,,,,,,,,,,,,
2021-03-10,Kristianstads IK  - IF Björklöven,,,,11449,,allsvenskan,2020/21,Kristianstads IK,IF Björklöven,,,,,,,,,,,,,,,,,,,,,,,
2021-03-10,Södertälje SK  - Mora IK,,,,11449,,allsvenskan,2020/21,Södertälje SK,Mora IK,,,,,,,,,,,,,,,,,,,,,,,
2021-03-12,Södertälje SK  - Kristianstads IK,,,,11449,,allsvenskan,2020/21,Södertälje SK,Kristianstads IK,,,,,,,,,,,,,,,,,,,,,,,
2021-03-12,Västerås IK  - Mora IK,,,,11449,,allsvenskan,2020/21,Västerås IK,Mora IK,,,,,,,,,,,,,,,,,,,,,,,
2021-03-12,AIK  - BIK Karlskoga,,,,11449,,allsvenskan,2020/21,AIK,BIK Karlskoga,,,,,,,,,,,,,,,,,,,,,,,
2021-03-12,Västerviks IK  - Timrå IK,,,,11449,,allsvenskan,2020/21,Västerviks IK,Timrå IK,,,,,,,,,,,,,,,,,,,,,,,
2021-03-12,MODO Hockey  - Tingsryds AIF,,,,11449,,allsvenskan,2020/21,MODO Hockey,Tingsryds AIF,,,,,,,,,,,,,,,,,,,,,,,
2021-03-12,Väsby IK HK  - Almtuna IS,,,,11449,,allsvenskan,2020/21,Väsby IK HK,Almtuna IS,,,,,,,,,,,,,,,,,,,,,,,
2021-03-12,IF Björklöven  - HC Vita Hästen,,,,11449,,allsvenskan,2020/21,IF Björklöven,HC Vita Hästen,,,,,,,,,,,,,,,,,,,,,,,
2021-03-14,BIK Karlskoga  - MODO Hockey,,,,11449,,allsvenskan,2020/21,BIK Karlskoga,MODO Hockey,,,,,,,,,,,,,,,,,,,,,,,
2021-03-14,Almtuna IS  - Väsby IK HK,,,,11449,,allsvenskan,2020/21,Almtuna IS,Väsby IK HK,,,,,,,,,,,,,,,,,,,,,,,
2021-03-14,Kristianstads IK  - Västerås IK,,,,11449,,allsvenskan,2020/21,Kristianstads IK,Västerås IK,,,,,,,,,,,,,,,,,,,,,,,
2021-03-14,Timrå IK  - AIK,,,,11449,,allsvenskan,2020/21,Timrå IK,AIK,,,,,,,,,,,,,,,,,,,,,,,
2021-03-14,Tingsryds AIF  - Västerviks IK,,,,11449,,allsvenskan,2020/21,Tingsryds AIF,Västerviks IK,,,,,,,,,,,,,,,,,,,,,,,
2021-03-14,Mora IK  - IF Björklöven,,,,11449,,allsvenskan,2020/21,Mora IK,IF Björklöven,,,,,,,,,,,,,,,,,,,,,,,
2021-03-14,HC Vita Hästen  - Södertälje SK,,,,11449,,allsvenskan,2020/21,HC Vita Hästen,Södertälje SK,,,,,,,,,,,,,,,,,,,,,,,
